{"sleep":[{"dateOfSleep":"2023-06-15","duration":25680000,"efficiency":98,"endTime":"2023-06-15T06:58:30.000","infoCode":0,"isMainSleep":true,"levels":{"data":[{"dateTime":"2023-06-14T23:50:00.000","level":"wake","seconds":450},{"dateTime":"2023-06-14T23:57:30.000","level":"light","seconds":1830},{"dateTime":"2023-06-15T00:28:00.000","level":"deep","seconds":840},{"dateTime":"2023-06-15T00:42:00.000","level":"light","seconds":1620},{"dateTime":"2023-06-15T01:09:00.000","level":"rem","seconds":660},{"dateTime":"2023-06-15T01:20:00.000","level":"light","seconds":1050},{"dateTime":"2023-06-15T01:37:30.000","level":"deep","seconds":600},{"dateTime":"2023-06-15T01:47:30.000","level":"light","seconds":360},{"dateTime":"2023-06-15T01:53:30.000","level":"deep","seconds":2160},{"dateTime":"2023-06-15T02:29:30.000","level":"light","seconds":2190},{"dateTime":"2023-06-15T03:06:00.000","level":"rem","seconds":1230},{"dateTime":"2023-06-15T03:26:30.000","level":"light","seconds":1590},{"dateTime":"2023-06-15T03:53:00.000","level":"deep","seconds":1500},{"dateTime":"2023-06-15T04:18:00.000","level":"light","seconds":690},{"dateTime":"2023-06-15T04:29:30.000","level":"rem","seconds":2070},{"dateTime":"2023-06-15T05:04:00.000","level":"light","seconds":330},{"dateTime":"2023-06-15T05:09:30.000","level":"rem","seconds":330},{"dateTime":"2023-06-15T05:15:00.000","level":"light","seconds":420},{"dateTime":"2023-06-15T05:22:00.000","level":"rem","seconds":330},{"dateTime":"2023-06-15T05:27:30.000","level":"light","seconds":1200},{"dateTime":"2023-06-15T05:47:30.000","level":"rem","seconds":270},{"dateTime":"2023-06-15T05:52:00.000","level":"light","seconds":750},{"dateTime":"2023-06-15T06:04:30.000","level":"wake","seconds":330},{"dateTime":"2023-06-15T06:10:00.000","level":"light","seconds":60},{"dateTime":"2023-06-15T06:11:00.000","level":"rem","seconds":390},{"dateTime":"2023-06-15T06:17:30.000","level":"light","seconds":2250},{"dateTime":"2023-06-15T06:55:00.000","level":"wake","seconds":210}],"shortData":[{"dateTime":"2023-06-15T00:14:30.000","level":"wake","seconds":90},{"dateTime":"2023-06-15T00:18:00.000","level":"wake","seconds":60},{"dateTime":"2023-06-15T00:42:00.000","level":"wake","seconds":60},{"dateTime":"2023-06-15T01:20:00.000","level":"wake","seconds":60},{"dateTime":"2023-06-15T02:28:00.000","level":"wake","seconds":90},{"dateTime":"2023-06-15T02:47:30.000","level":"wake","seconds":30},{"dateTime":"2023-06-15T02:56:00.000","level":"wake","seconds":30},{"dateTime":"2023-06-15T02:59:00.000","level":"wake","seconds":60},{"dateTime":"2023-06-15T03:08:00.000","level":"wake","seconds":30},{"dateTime":"2023-06-15T03:14:30.000","level":"wake","seconds":30},{"dateTime":"2023-06-15T03:17:30.000","level":"wake","seconds":30},{"dateTime":"2023-06-15T03:32:00.000","level":"wake","seconds":30},{"dateTime":"2023-06-15T04:17:30.000","level":"wake","seconds":30},{"dateTime":"2023-06-15T04:22:00.000","level":"wake","seconds":30},{"dateTime":"2023-06-15T04:24:00.000","level":"wake","seconds":30},{"dateTime":"2023-06-15T04:27:00.000","level":"wake","seconds":150},{"dateTime":"2023-06-15T04:33:00.000","level":"wake","seconds":30},{"dateTime":"2023-06-15T04:41:30.000","level":"wake","seconds":30},{"dateTime":"2023-06-15T05:05:30.000","level":"wake","seconds":30},{"dateTime":"2023-06-15T05:29:30.000","level":"wake","seconds":30},{"dateTime":"2023-06-15T05:40:00.000","level":"wake","seconds":60},{"dateTime":"2023-06-15T05:46:30.000","level":"wake","seconds":30},{"dateTime":"2023-06-15T05:52:00.000","level":"wake","seconds":180},{"dateTime":"2023-06-15T06:01:30.000","level":"wake","seconds":60},{"dateTime":"2023-06-15T06:18:00.000","level":"wake","seconds":120},{"dateTime":"2023-06-15T06:22:00.000","level":"wake","seconds":60},{"dateTime":"2023-06-15T06:25:30.000","level":"wake","seconds":60},{"dateTime":"2023-06-15T06:30:30.000","level":"wake","seconds":60},{"dateTime":"2023-06-15T06:50:30.000","level":"wake","seconds":60}],"summary":{"deep":{"count":4,"minutes":83,"thirtyDayAvgMinutes":0},"light":{"count":31,"minutes":216,"thirtyDayAvgMinutes":0},"rem":{"count":12,"minutes":85,"thirtyDayAvgMinutes":0},"wake":{"count":32,"minutes":44,"thirtyDayAvgMinutes":0}}},"logId":41708529942,"logType":"auto_detected","minutesAfterWakeup":2,"minutesAsleep":384,"minutesAwake":44,"minutesToFallAsleep":0,"startTime":"2023-06-14T23:50:00.000","timeInBed":428,"type":"stages"}],"summary":{"stages":{"deep":83,"light":216,"rem":85,"wake":44},"totalMinutesAsleep":384,"totalSleepRecords":1,"totalTimeInBed":428}}
