{"user":{"age":61,"ambassador":false,"autoStrideEnabled":true,"avatar":"https://static0.fitbit.com/images/profile/defaultProfile_100.png","avatar150":"https://static0.fitbit.com/images/profile/defaultProfile_150.png","avatar640":"https://static0.fitbit.com/images/profile/defaultProfile_640.png","averageDailySteps":2639,"challengesBeta":true,"clockTimeDisplayFormat":"24hour","corporate":false,"corporateAdmin":false,"dateOfBirth":"1961-08-21","displayName":"Javier D.","displayNameSetting":"name","distanceUnit":"METRIC","encodedId":"BLVVGK","features":{"exerciseGoal":true},"firstName":"Javier","foodsLocale":"es_ES","fullName":"Javier De La Puente","gender":"MALE","glucoseUnit":"METRIC","height":170.0,"heightUnit":"METRIC","isBugReportEnabled":false,"isChild":false,"isCoach":false,"languageLocale":"es_ES","lastName":"De La Puente","legalTermsAcceptRequired":false,"locale":"es_ES","memberSince":"2023-06-23","mfaEnabled":false,"offsetFromUTCMillis":7200000,"sdkDeveloper":false,"sleepTracking":"Normal","startDayOfWeek":"MONDAY","strideLengthRunning":107.10000000000001,"strideLengthRunningType":"auto","strideLengthWalking":70.60000000000001,"strideLengthWalkingType":"auto","swimUnit":"METRIC","timezone":"Europe/Madrid","topBadges":[{"badgeGradientEndColor":"A489E8","badgeGradientStartColor":"38216E","badgeType":"DAILY_STEPS","category":"Daily Steps","cheers":[],"dateTime":"2023-06-27","description":"20,000 steps in a day","earnedMessage":"Congrats on earning your first High Tops badge!","encodedId":"228TPP","image100px":"https://www.gstatic.com/fitbit/badge/images/badges_new/100px/badge_daily_steps20k.png","image125px":"https://www.gstatic.com/fitbit/badge/images/badges_new/125px/badge_daily_steps20k.png","image300px":"https://www.gstatic.com/fitbit/badge/images/badges_new/300px/badge_daily_steps20k.png","image50px":"https://www.gstatic.com/fitbit/badge/images/badges_new/badge_daily_steps20k.png","image75px":"https://www.gstatic.com/fitbit/badge/images/badges_new/75px/badge_daily_steps20k.png","marketingDescription":"You've walked 20,000 steps  And earned the High Tops badge!","mobileDescription":"When it comes to steps, it looks like you're not playing around. This achievement was a slam dunk.","name":"High Tops (20,000 steps in a day)","shareImage640px":"https://www.gstatic.com/fitbit/badge/images/badges_new/386px/shareLocalized/en_US/badge_daily_steps20k.png","shareText":"I took 20,000 steps and earned the High Tops badge! #Fitbit","shortDescription":"20,000 steps","shortName":"High Tops","timesAchieved":1,"value":20000},{"badgeGradientEndColor":"38D7FF","badgeGradientStartColor":"2DB4D7","badgeType":"LIFETIME_DISTANCE","category":"Lifetime Distance","cheers":[],"dateTime":"2023-06-26","description":"42 lifetime kilometers","earnedMessage":"Whoa! You've earned the Marathon badge!","encodedId":"22B8LN","image100px":"https://www.gstatic.com/fitbit/badge/images/badges_new/100px/badge_lifetime_miles26_2.png","image125px":"https://www.gstatic.com/fitbit/badge/images/badges_new/125px/badge_lifetime_miles26_2.png","image300px":"https://www.gstatic.com/fitbit/badge/images/badges_new/300px/badge_lifetime_miles26_2.png","image50px":"https://www.gstatic.com/fitbit/badge/images/badges_new/badge_lifetime_miles26_2.png","image75px":"https://www.gstatic.com/fitbit/badge/images/badges_new/75px/badge_lifetime_miles26_2.png","marketingDescription":"By reaching 42 lifetime kilometers, you've earned the Marathon badge!","mobileDescription":"You've walked your way to your first lifetime miles badge. If this is just the starting line, we can't wait to see where you finish!","name":"Marathon (42 lifetime kilometers)","shareImage640px":"https://www.gstatic.com/fitbit/badge/images/badges_new/386px/shareLocalized/en_US/badge_lifetime_miles26_2_km.png","shareText":"I covered 42 kilometers with my #Fitbit and earned the Marathon badge.","shortDescription":"42 kilometers","shortName":"Marathon","timesAchieved":1,"unit":"KILOMETERS","value":42},{"badgeGradientEndColor":"38D7FF","badgeGradientStartColor":"2DB4D7","badgeType":"DAILY_FLOORS","category":"Daily Climb","cheers":[],"dateTime":"2023-06-27","description":"50 floors in a day","earnedMessage":"Congrats on earning your first Lighthouse badge!","encodedId":"228TT7","image100px":"https://www.gstatic.com/fitbit/badge/images/badges_new/100px/badge_daily_floors50.png","image125px":"https://www.gstatic.com/fitbit/badge/images/badges_new/125px/badge_daily_floors50.png","image300px":"https://www.gstatic.com/fitbit/badge/images/badges_new/300px/badge_daily_floors50.png","image50px":"https://www.gstatic.com/fitbit/badge/images/badges_new/badge_daily_floors50.png","image75px":"https://www.gstatic.com/fitbit/badge/images/badges_new/75px/badge_daily_floors50.png","marketingDescription":"You've climbed 50 floors to earn the Lighthouse badge!","mobileDescription":"With a floor count this high, you're a beacon of inspiration to us all!","name":"Lighthouse (50 floors in a day)","shareImage640px":"https://www.gstatic.com/fitbit/badge/images/badges_new/386px/shareLocalized/en_US/badge_daily_floors50.png","shareText":"I climbed 50 flights of stairs and earned the Lighthouse badge! #Fitbit","shortDescription":"50 floors","shortName":"Lighthouse","timesAchieved":1,"value":50}],"visibleUser":true,"waterUnit":"METRIC","waterUnitName":"ml","weight":60.0,"weightUnit":"METRIC"}}