{
    "datosGeneralesFitbit": [
        {
            "encoded_id": "BLLZSD",
            "pasos": 0,
            "plantas_subidas": 0,
            "kilometros_recorridos": "0.00",
            "calorias_quemadas": "1030.00",
            "created_at": "2023-06-08T11:30:05.000000Z",
            "updated_at": "2023-06-11T10:55:04.000000Z"
        }
    ],
    "fitbitActivityMonthlyData": [
        {
            "id": 80,
            "encoded_id": "BLLZSD",
            "active_minutes": 0,
            "calories_out": 1914,
            "distance": 0,
            "floors": 0,
            "steps": 0,
            "created_at": "2023-06-08T11:19:48.000000Z",
            "updated_at": "2023-06-11T10:00:20.000000Z",
            "date": "2023-05-11",
            "active_score": -1,
            "activity_calories": 0,
            "calories_bmr": 1914,
            "elevation": 0,
            "marginal_calories": 0,
            "resting_heart_rate": null,
            "sedentary_minutes": 1440,
            "heart_rate_zones": null
        },
        {
            "id": 81,
            "encoded_id": "BLLZSD",
            "active_minutes": 0,
            "calories_out": 1914,
            "distance": 0,
            "floors": 0,
            "steps": 0,
            "created_at": "2023-06-08T11:19:48.000000Z",
            "updated_at": "2023-06-11T10:00:20.000000Z",
            "date": "2023-05-12",
            "active_score": -1,
            "activity_calories": 0,
            "calories_bmr": 1914,
            "elevation": 0,
            "marginal_calories": 0,
            "resting_heart_rate": null,
            "sedentary_minutes": 1440,
            "heart_rate_zones": null
        },
        {
            "id": 82,
            "encoded_id": "BLLZSD",
            "active_minutes": 0,
            "calories_out": 1914,
            "distance": 0,
            "floors": 0,
            "steps": 0,
            "created_at": "2023-06-08T11:19:49.000000Z",
            "updated_at": "2023-06-11T10:00:21.000000Z",
            "date": "2023-05-13",
            "active_score": -1,
            "activity_calories": 0,
            "calories_bmr": 1914,
            "elevation": 0,
            "marginal_calories": 0,
            "resting_heart_rate": null,
            "sedentary_minutes": 1440,
            "heart_rate_zones": null
        },
        {
            "id": 83,
            "encoded_id": "BLLZSD",
            "active_minutes": 0,
            "calories_out": 1914,
            "distance": 0,
            "floors": 0,
            "steps": 0,
            "created_at": "2023-06-08T11:19:49.000000Z",
            "updated_at": "2023-06-11T10:00:21.000000Z",
            "date": "2023-05-14",
            "active_score": -1,
            "activity_calories": 0,
            "calories_bmr": 1914,
            "elevation": 0,
            "marginal_calories": 0,
            "resting_heart_rate": null,
            "sedentary_minutes": 1440,
            "heart_rate_zones": null
        },
        {
            "id": 84,
            "encoded_id": "BLLZSD",
            "active_minutes": 0,
            "calories_out": 1914,
            "distance": 0,
            "floors": 0,
            "steps": 0,
            "created_at": "2023-06-08T11:19:49.000000Z",
            "updated_at": "2023-06-11T10:00:21.000000Z",
            "date": "2023-05-15",
            "active_score": -1,
            "activity_calories": 0,
            "calories_bmr": 1914,
            "elevation": 0,
            "marginal_calories": 0,
            "resting_heart_rate": null,
            "sedentary_minutes": 1440,
            "heart_rate_zones": null
        },
        {
            "id": 85,
            "encoded_id": "BLLZSD",
            "active_minutes": 0,
            "calories_out": 1914,
            "distance": 0,
            "floors": 0,
            "steps": 0,
            "created_at": "2023-06-08T11:19:50.000000Z",
            "updated_at": "2023-06-11T10:00:22.000000Z",
            "date": "2023-05-16",
            "active_score": -1,
            "activity_calories": 0,
            "calories_bmr": 1914,
            "elevation": 0,
            "marginal_calories": 0,
            "resting_heart_rate": null,
            "sedentary_minutes": 1440,
            "heart_rate_zones": null
        },
        {
            "id": 86,
            "encoded_id": "BLLZSD",
            "active_minutes": 0,
            "calories_out": 1914,
            "distance": 0,
            "floors": 0,
            "steps": 0,
            "created_at": "2023-06-08T11:19:50.000000Z",
            "updated_at": "2023-06-11T10:00:22.000000Z",
            "date": "2023-05-17",
            "active_score": -1,
            "activity_calories": 0,
            "calories_bmr": 1914,
            "elevation": 0,
            "marginal_calories": 0,
            "resting_heart_rate": null,
            "sedentary_minutes": 1440,
            "heart_rate_zones": null
        },
        {
            "id": 87,
            "encoded_id": "BLLZSD",
            "active_minutes": 0,
            "calories_out": 1914,
            "distance": 0,
            "floors": 0,
            "steps": 0,
            "created_at": "2023-06-08T11:19:50.000000Z",
            "updated_at": "2023-06-11T10:00:22.000000Z",
            "date": "2023-05-18",
            "active_score": -1,
            "activity_calories": 0,
            "calories_bmr": 1914,
            "elevation": 0,
            "marginal_calories": 0,
            "resting_heart_rate": null,
            "sedentary_minutes": 1440,
            "heart_rate_zones": null
        },
        {
            "id": 88,
            "encoded_id": "BLLZSD",
            "active_minutes": 0,
            "calories_out": 1914,
            "distance": 0,
            "floors": 0,
            "steps": 0,
            "created_at": "2023-06-08T11:19:51.000000Z",
            "updated_at": "2023-06-11T10:00:23.000000Z",
            "date": "2023-05-19",
            "active_score": -1,
            "activity_calories": 0,
            "calories_bmr": 1914,
            "elevation": 0,
            "marginal_calories": 0,
            "resting_heart_rate": null,
            "sedentary_minutes": 1440,
            "heart_rate_zones": null
        },
        {
            "id": 89,
            "encoded_id": "BLLZSD",
            "active_minutes": 0,
            "calories_out": 1914,
            "distance": 0,
            "floors": 0,
            "steps": 0,
            "created_at": "2023-06-08T11:19:51.000000Z",
            "updated_at": "2023-06-11T10:00:23.000000Z",
            "date": "2023-05-20",
            "active_score": -1,
            "activity_calories": 0,
            "calories_bmr": 1914,
            "elevation": 0,
            "marginal_calories": 0,
            "resting_heart_rate": null,
            "sedentary_minutes": 1440,
            "heart_rate_zones": null
        },
        {
            "id": 90,
            "encoded_id": "BLLZSD",
            "active_minutes": 0,
            "calories_out": 1914,
            "distance": 0,
            "floors": 0,
            "steps": 0,
            "created_at": "2023-06-08T11:19:51.000000Z",
            "updated_at": "2023-06-11T10:00:23.000000Z",
            "date": "2023-05-21",
            "active_score": -1,
            "activity_calories": 0,
            "calories_bmr": 1914,
            "elevation": 0,
            "marginal_calories": 0,
            "resting_heart_rate": null,
            "sedentary_minutes": 1440,
            "heart_rate_zones": null
        },
        {
            "id": 91,
            "encoded_id": "BLLZSD",
            "active_minutes": 0,
            "calories_out": 1914,
            "distance": 0,
            "floors": 0,
            "steps": 0,
            "created_at": "2023-06-08T11:19:52.000000Z",
            "updated_at": "2023-06-11T10:00:23.000000Z",
            "date": "2023-05-22",
            "active_score": -1,
            "activity_calories": 0,
            "calories_bmr": 1914,
            "elevation": 0,
            "marginal_calories": 0,
            "resting_heart_rate": null,
            "sedentary_minutes": 1440,
            "heart_rate_zones": null
        },
        {
            "id": 92,
            "encoded_id": "BLLZSD",
            "active_minutes": 0,
            "calories_out": 1914,
            "distance": 0,
            "floors": 0,
            "steps": 0,
            "created_at": "2023-06-08T11:19:52.000000Z",
            "updated_at": "2023-06-11T10:00:24.000000Z",
            "date": "2023-05-23",
            "active_score": -1,
            "activity_calories": 0,
            "calories_bmr": 1914,
            "elevation": 0,
            "marginal_calories": 0,
            "resting_heart_rate": null,
            "sedentary_minutes": 1440,
            "heart_rate_zones": null
        },
        {
            "id": 93,
            "encoded_id": "BLLZSD",
            "active_minutes": 0,
            "calories_out": 1914,
            "distance": 0,
            "floors": 0,
            "steps": 0,
            "created_at": "2023-06-08T11:19:52.000000Z",
            "updated_at": "2023-06-11T10:00:24.000000Z",
            "date": "2023-05-24",
            "active_score": -1,
            "activity_calories": 0,
            "calories_bmr": 1914,
            "elevation": 0,
            "marginal_calories": 0,
            "resting_heart_rate": null,
            "sedentary_minutes": 1440,
            "heart_rate_zones": null
        },
        {
            "id": 94,
            "encoded_id": "BLLZSD",
            "active_minutes": 0,
            "calories_out": 1914,
            "distance": 0,
            "floors": 0,
            "steps": 0,
            "created_at": "2023-06-08T11:19:53.000000Z",
            "updated_at": "2023-06-11T10:00:24.000000Z",
            "date": "2023-05-25",
            "active_score": -1,
            "activity_calories": 0,
            "calories_bmr": 1914,
            "elevation": 0,
            "marginal_calories": 0,
            "resting_heart_rate": null,
            "sedentary_minutes": 1440,
            "heart_rate_zones": null
        },
        {
            "id": 95,
            "encoded_id": "BLLZSD",
            "active_minutes": 0,
            "calories_out": 1914,
            "distance": 0,
            "floors": 0,
            "steps": 0,
            "created_at": "2023-06-08T11:19:53.000000Z",
            "updated_at": "2023-06-11T10:00:25.000000Z",
            "date": "2023-05-26",
            "active_score": -1,
            "activity_calories": 0,
            "calories_bmr": 1914,
            "elevation": 0,
            "marginal_calories": 0,
            "resting_heart_rate": null,
            "sedentary_minutes": 1440,
            "heart_rate_zones": null
        },
        {
            "id": 96,
            "encoded_id": "BLLZSD",
            "active_minutes": 0,
            "calories_out": 1914,
            "distance": 0,
            "floors": 0,
            "steps": 0,
            "created_at": "2023-06-08T11:19:53.000000Z",
            "updated_at": "2023-06-11T10:00:25.000000Z",
            "date": "2023-05-27",
            "active_score": -1,
            "activity_calories": 0,
            "calories_bmr": 1914,
            "elevation": 0,
            "marginal_calories": 0,
            "resting_heart_rate": null,
            "sedentary_minutes": 1440,
            "heart_rate_zones": null
        },
        {
            "id": 97,
            "encoded_id": "BLLZSD",
            "active_minutes": 0,
            "calories_out": 1914,
            "distance": 0,
            "floors": 0,
            "steps": 0,
            "created_at": "2023-06-08T11:19:54.000000Z",
            "updated_at": "2023-06-11T10:00:25.000000Z",
            "date": "2023-05-28",
            "active_score": -1,
            "activity_calories": 0,
            "calories_bmr": 1914,
            "elevation": 0,
            "marginal_calories": 0,
            "resting_heart_rate": null,
            "sedentary_minutes": 1440,
            "heart_rate_zones": null
        },
        {
            "id": 98,
            "encoded_id": "BLLZSD",
            "active_minutes": 0,
            "calories_out": 1914,
            "distance": 0,
            "floors": 0,
            "steps": 0,
            "created_at": "2023-06-08T11:19:54.000000Z",
            "updated_at": "2023-06-11T10:00:26.000000Z",
            "date": "2023-05-29",
            "active_score": -1,
            "activity_calories": 0,
            "calories_bmr": 1914,
            "elevation": 0,
            "marginal_calories": 0,
            "resting_heart_rate": null,
            "sedentary_minutes": 1440,
            "heart_rate_zones": null
        },
        {
            "id": 99,
            "encoded_id": "BLLZSD",
            "active_minutes": 0,
            "calories_out": 1914,
            "distance": 0,
            "floors": 0,
            "steps": 0,
            "created_at": "2023-06-08T11:19:54.000000Z",
            "updated_at": "2023-06-11T10:00:26.000000Z",
            "date": "2023-05-30",
            "active_score": -1,
            "activity_calories": 0,
            "calories_bmr": 1914,
            "elevation": 0,
            "marginal_calories": 0,
            "resting_heart_rate": null,
            "sedentary_minutes": 1440,
            "heart_rate_zones": null
        },
        {
            "id": 100,
            "encoded_id": "BLLZSD",
            "active_minutes": 0,
            "calories_out": 1914,
            "distance": 0,
            "floors": 0,
            "steps": 0,
            "created_at": "2023-06-08T11:19:55.000000Z",
            "updated_at": "2023-06-11T10:00:26.000000Z",
            "date": "2023-05-31",
            "active_score": -1,
            "activity_calories": 0,
            "calories_bmr": 1914,
            "elevation": 0,
            "marginal_calories": 0,
            "resting_heart_rate": null,
            "sedentary_minutes": 1440,
            "heart_rate_zones": null
        },
        {
            "id": 101,
            "encoded_id": "BLLZSD",
            "active_minutes": 0,
            "calories_out": 1914,
            "distance": 0,
            "floors": 0,
            "steps": 0,
            "created_at": "2023-06-08T11:19:55.000000Z",
            "updated_at": "2023-06-11T10:00:27.000000Z",
            "date": "2023-06-01",
            "active_score": -1,
            "activity_calories": 0,
            "calories_bmr": 1914,
            "elevation": 0,
            "marginal_calories": 0,
            "resting_heart_rate": null,
            "sedentary_minutes": 1440,
            "heart_rate_zones": null
        },
        {
            "id": 102,
            "encoded_id": "BLLZSD",
            "active_minutes": 0,
            "calories_out": 1914,
            "distance": 0,
            "floors": 0,
            "steps": 0,
            "created_at": "2023-06-08T11:19:55.000000Z",
            "updated_at": "2023-06-11T10:00:27.000000Z",
            "date": "2023-06-02",
            "active_score": -1,
            "activity_calories": 0,
            "calories_bmr": 1914,
            "elevation": 0,
            "marginal_calories": 0,
            "resting_heart_rate": null,
            "sedentary_minutes": 1440,
            "heart_rate_zones": null
        },
        {
            "id": 103,
            "encoded_id": "BLLZSD",
            "active_minutes": 0,
            "calories_out": 1914,
            "distance": 0,
            "floors": 0,
            "steps": 0,
            "created_at": "2023-06-08T11:19:56.000000Z",
            "updated_at": "2023-06-11T10:00:27.000000Z",
            "date": "2023-06-03",
            "active_score": -1,
            "activity_calories": 0,
            "calories_bmr": 1914,
            "elevation": 0,
            "marginal_calories": 0,
            "resting_heart_rate": null,
            "sedentary_minutes": 1440,
            "heart_rate_zones": null
        },
        {
            "id": 104,
            "encoded_id": "BLLZSD",
            "active_minutes": 0,
            "calories_out": 1914,
            "distance": 0,
            "floors": 0,
            "steps": 0,
            "created_at": "2023-06-08T11:19:56.000000Z",
            "updated_at": "2023-06-11T10:00:27.000000Z",
            "date": "2023-06-04",
            "active_score": -1,
            "activity_calories": 0,
            "calories_bmr": 1914,
            "elevation": 0,
            "marginal_calories": 0,
            "resting_heart_rate": null,
            "sedentary_minutes": 1440,
            "heart_rate_zones": null
        },
        {
            "id": 105,
            "encoded_id": "BLLZSD",
            "active_minutes": 0,
            "calories_out": 1914,
            "distance": 0,
            "floors": 0,
            "steps": 0,
            "created_at": "2023-06-08T11:19:56.000000Z",
            "updated_at": "2023-06-11T10:00:28.000000Z",
            "date": "2023-06-05",
            "active_score": -1,
            "activity_calories": 0,
            "calories_bmr": 1914,
            "elevation": 0,
            "marginal_calories": 0,
            "resting_heart_rate": null,
            "sedentary_minutes": 1440,
            "heart_rate_zones": null
        },
        {
            "id": 106,
            "encoded_id": "BLLZSD",
            "active_minutes": 0,
            "calories_out": 1914,
            "distance": 0,
            "floors": 0,
            "steps": 0,
            "created_at": "2023-06-08T11:19:56.000000Z",
            "updated_at": "2023-06-11T10:00:29.000000Z",
            "date": "2023-06-06",
            "active_score": -1,
            "activity_calories": 0,
            "calories_bmr": 1914,
            "elevation": 0,
            "marginal_calories": 0,
            "resting_heart_rate": null,
            "sedentary_minutes": 1440,
            "heart_rate_zones": null
        },
        {
            "id": 107,
            "encoded_id": "BLLZSD",
            "active_minutes": 0,
            "calories_out": 1914,
            "distance": 0,
            "floors": 0,
            "steps": 0,
            "created_at": "2023-06-08T11:19:57.000000Z",
            "updated_at": "2023-06-11T10:00:29.000000Z",
            "date": "2023-06-07",
            "active_score": -1,
            "activity_calories": 0,
            "calories_bmr": 1914,
            "elevation": 0,
            "marginal_calories": 0,
            "resting_heart_rate": null,
            "sedentary_minutes": 1440,
            "heart_rate_zones": null
        },
        {
            "id": 108,
            "encoded_id": "BLLZSD",
            "active_minutes": 11,
            "calories_out": 2527,
            "distance": 2.37,
            "floors": 12,
            "steps": 3124,
            "created_at": "2023-06-09T00:00:30.000000Z",
            "updated_at": "2023-06-11T10:00:30.000000Z",
            "date": "2023-06-08",
            "active_score": -1,
            "activity_calories": 678,
            "calories_bmr": 1914,
            "elevation": 37,
            "marginal_calories": 375,
            "resting_heart_rate": 61,
            "sedentary_minutes": 1303,
            "heart_rate_zones": [
                {
                    "caloriesOut": 1086.57958,
                    "max": 97,
                    "min": 30,
                    "minutes": 530,
                    "name": "Out of Range"
                },
                {
                    "caloriesOut": 302.26354,
                    "max": 136,
                    "min": 97,
                    "minutes": 54,
                    "name": "Fat Burn"
                },
                {
                    "caloriesOut": 0,
                    "max": 165,
                    "min": 136,
                    "minutes": 0,
                    "name": "Cardio"
                },
                {
                    "caloriesOut": 0,
                    "max": 220,
                    "min": 165,
                    "minutes": 0,
                    "name": "Peak"
                }
            ]
        },
        {
            "id": 111,
            "encoded_id": "BLLZSD",
            "active_minutes": 22,
            "calories_out": 3068,
            "distance": 4.66,
            "floors": 12,
            "steps": 6140,
            "created_at": "2023-06-10T03:00:30.000000Z",
            "updated_at": "2023-06-11T10:00:30.000000Z",
            "date": "2023-06-09",
            "active_score": -1,
            "activity_calories": 1282,
            "calories_bmr": 1914,
            "elevation": 37,
            "marginal_calories": 752,
            "resting_heart_rate": 61,
            "sedentary_minutes": 1191,
            "heart_rate_zones": [
                {
                    "caloriesOut": 1768.23506,
                    "max": 97,
                    "min": 30,
                    "minutes": 802,
                    "name": "Out of Range"
                },
                {
                    "caloriesOut": 528.5955,
                    "max": 136,
                    "min": 97,
                    "minutes": 76,
                    "name": "Fat Burn"
                },
                {
                    "caloriesOut": 0,
                    "max": 165,
                    "min": 136,
                    "minutes": 0,
                    "name": "Cardio"
                },
                {
                    "caloriesOut": 0,
                    "max": 220,
                    "min": 165,
                    "minutes": 0,
                    "name": "Peak"
                }
            ]
        },
        {
            "id": 113,
            "encoded_id": "BLLZSD",
            "active_minutes": 99,
            "calories_out": 3477,
            "distance": 6.75,
            "floors": 18,
            "steps": 8899,
            "created_at": "2023-06-11T03:00:33.000000Z",
            "updated_at": "2023-06-11T10:00:30.000000Z",
            "date": "2023-06-10",
            "active_score": -1,
            "activity_calories": 1806,
            "calories_bmr": 1914,
            "elevation": 55,
            "marginal_calories": 1162,
            "resting_heart_rate": 63,
            "sedentary_minutes": 1151,
            "heart_rate_zones": [
                {
                    "caloriesOut": 1333.52344,
                    "max": 97,
                    "min": 30,
                    "minutes": 555,
                    "name": "Out of Range"
                },
                {
                    "caloriesOut": 1123.14908,
                    "max": 136,
                    "min": 97,
                    "minutes": 164,
                    "name": "Fat Burn"
                },
                {
                    "caloriesOut": 51.33028,
                    "max": 165,
                    "min": 136,
                    "minutes": 4,
                    "name": "Cardio"
                },
                {
                    "caloriesOut": 0,
                    "max": 220,
                    "min": 165,
                    "minutes": 0,
                    "name": "Peak"
                }
            ]
        }
    ],
    "userFitbitInfo": [
        {
            "encoded_id": "BLLZSD",
            "full_name": "Juan Garc\u00eda Gonzalez",
            "date_of_birth": "1998-05-07",
            "gender": "MALE",
            "height": 183,
            "weight": 89,
            "avatar": "https:\/\/static0.fitbit.com\/images\/profile\/defaultProfile_640.png",
            "created_at": "2023-06-08T11:00:05.000000Z",
            "updated_at": "2023-06-11T10:55:04.000000Z"
        }
    ]
}