{
    "datosGeneralesFitbit": [
        {
            "encoded_id": "B4HNZS",
            "pasos": 5205,
            "plantas_subidas": 6,
            "kilometros_recorridos": "8.87",
            "calorias_quemadas": "1102.73",
            "created_at": "2023-06-01T13:15:03.000000Z",
            "updated_at": "2023-06-08T08:05:17.000000Z"
        },
        {
            "encoded_id": "BGSXVP",
            "pasos": 7296,
            "plantas_subidas": 4,
            "kilometros_recorridos": "1.85",
            "calorias_quemadas": "1507.71",
            "created_at": "2023-05-31T19:09:02.000000Z",
            "updated_at": "2023-06-08T08:05:17.000000Z"
        }
    ],
    "fitbitActivityMonthlyData": [
        {
            "id": 1,
            "encoded_id": "BGSXVP",
            "active_minutes": 254,
            "calories_out": 1176,
            "distance": 4.17,
            "floors": 9,
            "steps": 2962,
            "created_at": "2023-05-31T19:26:54.000000Z",
            "updated_at": "2023-06-08T08:05:17.000000Z",
            "date": "2023-05-31",
            "active_score": -1,
            "activity_calories": 3,
            "calories_bmr": 1801,
            "elevation": 0,
            "marginal_calories": 1,
            "resting_heart_rate": 59,
            "sedentary_minutes": 1439,
            "heart_rate_zones": [
                {
                    "max": 97,
                    "min": 30,
                    "name": "Out of Range",
                    "minutes": 71,
                    "caloriesOut": 181
                },
                {
                    "max": 136,
                    "min": 97,
                    "name": "Fat Burn",
                    "minutes": 3,
                    "caloriesOut": 28
                },
                {
                    "max": 165,
                    "min": 136,
                    "name": "Cardio",
                    "minutes": 10,
                    "caloriesOut": 27
                },
                {
                    "max": 220,
                    "min": 165,
                    "name": "Peak",
                    "minutes": 12,
                    "caloriesOut": 17
                }
            ]
        },
        {
            "id": 2,
            "encoded_id": "B4HNZS",
            "active_minutes": 19,
            "calories_out": 1174,
            "distance": 7.61,
            "floors": 6,
            "steps": 8699,
            "created_at": "2023-06-01T13:14:30.000000Z",
            "updated_at": "2023-06-08T08:05:17.000000Z",
            "date": "2023-06-01",
            "active_score": -1,
            "activity_calories": 1290,
            "calories_bmr": 1793,
            "elevation": 9,
            "marginal_calories": 865,
            "resting_heart_rate": 77,
            "sedentary_minutes": 1235,
            "heart_rate_zones": [
                {
                    "max": 97,
                    "min": 30,
                    "name": "Out of Range",
                    "minutes": 43,
                    "caloriesOut": 151
                },
                {
                    "max": 136,
                    "min": 97,
                    "name": "Fat Burn",
                    "minutes": 0,
                    "caloriesOut": 11
                },
                {
                    "max": 165,
                    "min": 136,
                    "name": "Cardio",
                    "minutes": 11,
                    "caloriesOut": 22
                },
                {
                    "max": 220,
                    "min": 165,
                    "name": "Peak",
                    "minutes": 26,
                    "caloriesOut": 22
                }
            ]
        },
        {
            "id": 3,
            "encoded_id": "BGSXVP",
            "active_minutes": 286,
            "calories_out": 824,
            "distance": 5.05,
            "floors": 6,
            "steps": 9783,
            "created_at": "2023-06-01T13:14:30.000000Z",
            "updated_at": "2023-06-08T08:05:17.000000Z",
            "date": "2023-06-01",
            "active_score": -1,
            "activity_calories": 0,
            "calories_bmr": 1801,
            "elevation": 0,
            "marginal_calories": 0,
            "resting_heart_rate": null,
            "sedentary_minutes": 1440,
            "heart_rate_zones": [
                {
                    "max": 97,
                    "min": 30,
                    "name": "Out of Range",
                    "minutes": 75,
                    "caloriesOut": 57
                },
                {
                    "max": 136,
                    "min": 97,
                    "name": "Fat Burn",
                    "minutes": 25,
                    "caloriesOut": 12
                },
                {
                    "max": 165,
                    "min": 136,
                    "name": "Cardio",
                    "minutes": 29,
                    "caloriesOut": 21
                },
                {
                    "max": 220,
                    "min": 165,
                    "name": "Peak",
                    "minutes": 29,
                    "caloriesOut": 12
                }
            ]
        },
        {
            "id": 11,
            "encoded_id": "B4HNZS",
            "active_minutes": 52,
            "calories_out": 2327,
            "distance": 3.51,
            "floors": 4,
            "steps": 949,
            "created_at": "2023-06-01T17:16:26.000000Z",
            "updated_at": "2023-06-08T08:05:17.000000Z",
            "date": "2023-05-08",
            "active_score": -1,
            "activity_calories": 0,
            "calories_bmr": 1793,
            "elevation": 0,
            "marginal_calories": 0,
            "resting_heart_rate": null,
            "sedentary_minutes": 1440,
            "heart_rate_zones": [
                {
                    "max": 97,
                    "min": 30,
                    "name": "Out of Range",
                    "minutes": 17,
                    "caloriesOut": 146
                },
                {
                    "max": 136,
                    "min": 97,
                    "name": "Fat Burn",
                    "minutes": 19,
                    "caloriesOut": 16
                },
                {
                    "max": 165,
                    "min": 136,
                    "name": "Cardio",
                    "minutes": 21,
                    "caloriesOut": 22
                },
                {
                    "max": 220,
                    "min": 165,
                    "name": "Peak",
                    "minutes": 0,
                    "caloriesOut": 12
                }
            ]
        },
        {
            "id": 12,
            "encoded_id": "B4HNZS",
            "active_minutes": 156,
            "calories_out": 844,
            "distance": 8.46,
            "floors": 3,
            "steps": 3877,
            "created_at": "2023-06-01T17:16:27.000000Z",
            "updated_at": "2023-06-08T08:05:17.000000Z",
            "date": "2023-05-09",
            "active_score": -1,
            "activity_calories": 0,
            "calories_bmr": 1793,
            "elevation": 0,
            "marginal_calories": 0,
            "resting_heart_rate": null,
            "sedentary_minutes": 1440,
            "heart_rate_zones": [
                {
                    "max": 97,
                    "min": 30,
                    "name": "Out of Range",
                    "minutes": 74,
                    "caloriesOut": 162
                },
                {
                    "max": 136,
                    "min": 97,
                    "name": "Fat Burn",
                    "minutes": 12,
                    "caloriesOut": 26
                },
                {
                    "max": 165,
                    "min": 136,
                    "name": "Cardio",
                    "minutes": 25,
                    "caloriesOut": 26
                },
                {
                    "max": 220,
                    "min": 165,
                    "name": "Peak",
                    "minutes": 14,
                    "caloriesOut": 29
                }
            ]
        },
        {
            "id": 13,
            "encoded_id": "B4HNZS",
            "active_minutes": 161,
            "calories_out": 2085,
            "distance": 8.61,
            "floors": 2,
            "steps": 5060,
            "created_at": "2023-06-01T17:16:27.000000Z",
            "updated_at": "2023-06-08T08:05:17.000000Z",
            "date": "2023-05-10",
            "active_score": -1,
            "activity_calories": 0,
            "calories_bmr": 1793,
            "elevation": 0,
            "marginal_calories": 0,
            "resting_heart_rate": null,
            "sedentary_minutes": 1440,
            "heart_rate_zones": [
                {
                    "max": 97,
                    "min": 30,
                    "name": "Out of Range",
                    "minutes": 83,
                    "caloriesOut": 180
                },
                {
                    "max": 136,
                    "min": 97,
                    "name": "Fat Burn",
                    "minutes": 21,
                    "caloriesOut": 29
                },
                {
                    "max": 165,
                    "min": 136,
                    "name": "Cardio",
                    "minutes": 18,
                    "caloriesOut": 15
                },
                {
                    "max": 220,
                    "min": 165,
                    "name": "Peak",
                    "minutes": 11,
                    "caloriesOut": 14
                }
            ]
        },
        {
            "id": 14,
            "encoded_id": "B4HNZS",
            "active_minutes": 297,
            "calories_out": 718,
            "distance": 2.27,
            "floors": 4,
            "steps": 3968,
            "created_at": "2023-06-01T17:16:27.000000Z",
            "updated_at": "2023-06-08T08:05:17.000000Z",
            "date": "2023-05-11",
            "active_score": -1,
            "activity_calories": 0,
            "calories_bmr": 1793,
            "elevation": 0,
            "marginal_calories": 0,
            "resting_heart_rate": null,
            "sedentary_minutes": 1440,
            "heart_rate_zones": [
                {
                    "max": 97,
                    "min": 30,
                    "name": "Out of Range",
                    "minutes": 70,
                    "caloriesOut": 124
                },
                {
                    "max": 136,
                    "min": 97,
                    "name": "Fat Burn",
                    "minutes": 8,
                    "caloriesOut": 27
                },
                {
                    "max": 165,
                    "min": 136,
                    "name": "Cardio",
                    "minutes": 19,
                    "caloriesOut": 22
                },
                {
                    "max": 220,
                    "min": 165,
                    "name": "Peak",
                    "minutes": 1,
                    "caloriesOut": 18
                }
            ]
        },
        {
            "id": 15,
            "encoded_id": "B4HNZS",
            "active_minutes": 293,
            "calories_out": 1851,
            "distance": 1.51,
            "floors": 9,
            "steps": 576,
            "created_at": "2023-06-01T17:16:28.000000Z",
            "updated_at": "2023-06-08T08:05:17.000000Z",
            "date": "2023-05-12",
            "active_score": -1,
            "activity_calories": 0,
            "calories_bmr": 1793,
            "elevation": 0,
            "marginal_calories": 0,
            "resting_heart_rate": null,
            "sedentary_minutes": 1440,
            "heart_rate_zones": [
                {
                    "max": 97,
                    "min": 30,
                    "name": "Out of Range",
                    "minutes": 55,
                    "caloriesOut": 160
                },
                {
                    "max": 136,
                    "min": 97,
                    "name": "Fat Burn",
                    "minutes": 28,
                    "caloriesOut": 20
                },
                {
                    "max": 165,
                    "min": 136,
                    "name": "Cardio",
                    "minutes": 20,
                    "caloriesOut": 29
                },
                {
                    "max": 220,
                    "min": 165,
                    "name": "Peak",
                    "minutes": 23,
                    "caloriesOut": 10
                }
            ]
        },
        {
            "id": 16,
            "encoded_id": "B4HNZS",
            "active_minutes": 236,
            "calories_out": 2538,
            "distance": 8.61,
            "floors": 7,
            "steps": 2514,
            "created_at": "2023-06-01T17:16:29.000000Z",
            "updated_at": "2023-06-08T08:05:17.000000Z",
            "date": "2023-05-13",
            "active_score": -1,
            "activity_calories": 0,
            "calories_bmr": 1793,
            "elevation": 0,
            "marginal_calories": 0,
            "resting_heart_rate": null,
            "sedentary_minutes": 1440,
            "heart_rate_zones": [
                {
                    "max": 97,
                    "min": 30,
                    "name": "Out of Range",
                    "minutes": 90,
                    "caloriesOut": 54
                },
                {
                    "max": 136,
                    "min": 97,
                    "name": "Fat Burn",
                    "minutes": 8,
                    "caloriesOut": 15
                },
                {
                    "max": 165,
                    "min": 136,
                    "name": "Cardio",
                    "minutes": 14,
                    "caloriesOut": 21
                },
                {
                    "max": 220,
                    "min": 165,
                    "name": "Peak",
                    "minutes": 13,
                    "caloriesOut": 22
                }
            ]
        },
        {
            "id": 17,
            "encoded_id": "B4HNZS",
            "active_minutes": 183,
            "calories_out": 788,
            "distance": 4.74,
            "floors": 5,
            "steps": 4936,
            "created_at": "2023-06-01T17:16:29.000000Z",
            "updated_at": "2023-06-08T08:05:17.000000Z",
            "date": "2023-05-14",
            "active_score": -1,
            "activity_calories": 0,
            "calories_bmr": 1793,
            "elevation": 0,
            "marginal_calories": 0,
            "resting_heart_rate": null,
            "sedentary_minutes": 1440,
            "heart_rate_zones": [
                {
                    "max": 97,
                    "min": 30,
                    "name": "Out of Range",
                    "minutes": 68,
                    "caloriesOut": 66
                },
                {
                    "max": 136,
                    "min": 97,
                    "name": "Fat Burn",
                    "minutes": 11,
                    "caloriesOut": 23
                },
                {
                    "max": 165,
                    "min": 136,
                    "name": "Cardio",
                    "minutes": 1,
                    "caloriesOut": 17
                },
                {
                    "max": 220,
                    "min": 165,
                    "name": "Peak",
                    "minutes": 20,
                    "caloriesOut": 14
                }
            ]
        },
        {
            "id": 18,
            "encoded_id": "B4HNZS",
            "active_minutes": 50,
            "calories_out": 415,
            "distance": 1.83,
            "floors": 5,
            "steps": 9551,
            "created_at": "2023-06-01T17:16:30.000000Z",
            "updated_at": "2023-06-08T08:05:17.000000Z",
            "date": "2023-05-15",
            "active_score": -1,
            "activity_calories": 0,
            "calories_bmr": 1793,
            "elevation": 0,
            "marginal_calories": 0,
            "resting_heart_rate": null,
            "sedentary_minutes": 1440,
            "heart_rate_zones": [
                {
                    "max": 97,
                    "min": 30,
                    "name": "Out of Range",
                    "minutes": 25,
                    "caloriesOut": 124
                },
                {
                    "max": 136,
                    "min": 97,
                    "name": "Fat Burn",
                    "minutes": 20,
                    "caloriesOut": 27
                },
                {
                    "max": 165,
                    "min": 136,
                    "name": "Cardio",
                    "minutes": 7,
                    "caloriesOut": 24
                },
                {
                    "max": 220,
                    "min": 165,
                    "name": "Peak",
                    "minutes": 27,
                    "caloriesOut": 17
                }
            ]
        },
        {
            "id": 19,
            "encoded_id": "B4HNZS",
            "active_minutes": 13,
            "calories_out": 459,
            "distance": 6.3,
            "floors": 6,
            "steps": 5616,
            "created_at": "2023-06-01T17:16:30.000000Z",
            "updated_at": "2023-06-08T08:05:17.000000Z",
            "date": "2023-05-16",
            "active_score": -1,
            "activity_calories": 0,
            "calories_bmr": 1793,
            "elevation": 0,
            "marginal_calories": 0,
            "resting_heart_rate": null,
            "sedentary_minutes": 1440,
            "heart_rate_zones": [
                {
                    "max": 97,
                    "min": 30,
                    "name": "Out of Range",
                    "minutes": 70,
                    "caloriesOut": 50
                },
                {
                    "max": 136,
                    "min": 97,
                    "name": "Fat Burn",
                    "minutes": 23,
                    "caloriesOut": 29
                },
                {
                    "max": 165,
                    "min": 136,
                    "name": "Cardio",
                    "minutes": 14,
                    "caloriesOut": 19
                },
                {
                    "max": 220,
                    "min": 165,
                    "name": "Peak",
                    "minutes": 27,
                    "caloriesOut": 13
                }
            ]
        },
        {
            "id": 20,
            "encoded_id": "B4HNZS",
            "active_minutes": 64,
            "calories_out": 1475,
            "distance": 8.1,
            "floors": 5,
            "steps": 4454,
            "created_at": "2023-06-01T17:16:30.000000Z",
            "updated_at": "2023-06-08T08:05:17.000000Z",
            "date": "2023-05-17",
            "active_score": -1,
            "activity_calories": 0,
            "calories_bmr": 1793,
            "elevation": 0,
            "marginal_calories": 0,
            "resting_heart_rate": null,
            "sedentary_minutes": 1440,
            "heart_rate_zones": [
                {
                    "max": 97,
                    "min": 30,
                    "name": "Out of Range",
                    "minutes": 47,
                    "caloriesOut": 76
                },
                {
                    "max": 136,
                    "min": 97,
                    "name": "Fat Burn",
                    "minutes": 10,
                    "caloriesOut": 15
                },
                {
                    "max": 165,
                    "min": 136,
                    "name": "Cardio",
                    "minutes": 10,
                    "caloriesOut": 27
                },
                {
                    "max": 220,
                    "min": 165,
                    "name": "Peak",
                    "minutes": 10,
                    "caloriesOut": 12
                }
            ]
        },
        {
            "id": 21,
            "encoded_id": "B4HNZS",
            "active_minutes": 190,
            "calories_out": 2277,
            "distance": 8.86,
            "floors": 1,
            "steps": 1110,
            "created_at": "2023-06-01T17:16:31.000000Z",
            "updated_at": "2023-06-08T08:05:17.000000Z",
            "date": "2023-05-18",
            "active_score": -1,
            "activity_calories": 0,
            "calories_bmr": 1793,
            "elevation": 0,
            "marginal_calories": 0,
            "resting_heart_rate": null,
            "sedentary_minutes": 1440,
            "heart_rate_zones": [
                {
                    "max": 97,
                    "min": 30,
                    "name": "Out of Range",
                    "minutes": 8,
                    "caloriesOut": 69
                },
                {
                    "max": 136,
                    "min": 97,
                    "name": "Fat Burn",
                    "minutes": 11,
                    "caloriesOut": 20
                },
                {
                    "max": 165,
                    "min": 136,
                    "name": "Cardio",
                    "minutes": 14,
                    "caloriesOut": 26
                },
                {
                    "max": 220,
                    "min": 165,
                    "name": "Peak",
                    "minutes": 19,
                    "caloriesOut": 24
                }
            ]
        },
        {
            "id": 22,
            "encoded_id": "B4HNZS",
            "active_minutes": 219,
            "calories_out": 1443,
            "distance": 2.08,
            "floors": 5,
            "steps": 3690,
            "created_at": "2023-06-01T17:16:31.000000Z",
            "updated_at": "2023-06-08T08:05:17.000000Z",
            "date": "2023-05-19",
            "active_score": -1,
            "activity_calories": 0,
            "calories_bmr": 1793,
            "elevation": 0,
            "marginal_calories": 0,
            "resting_heart_rate": null,
            "sedentary_minutes": 1440,
            "heart_rate_zones": [
                {
                    "max": 97,
                    "min": 30,
                    "name": "Out of Range",
                    "minutes": 4,
                    "caloriesOut": 70
                },
                {
                    "max": 136,
                    "min": 97,
                    "name": "Fat Burn",
                    "minutes": 16,
                    "caloriesOut": 15
                },
                {
                    "max": 165,
                    "min": 136,
                    "name": "Cardio",
                    "minutes": 24,
                    "caloriesOut": 14
                },
                {
                    "max": 220,
                    "min": 165,
                    "name": "Peak",
                    "minutes": 17,
                    "caloriesOut": 15
                }
            ]
        },
        {
            "id": 23,
            "encoded_id": "B4HNZS",
            "active_minutes": 210,
            "calories_out": 1925,
            "distance": 1.05,
            "floors": 6,
            "steps": 6871,
            "created_at": "2023-06-01T17:16:31.000000Z",
            "updated_at": "2023-06-08T08:05:17.000000Z",
            "date": "2023-05-20",
            "active_score": -1,
            "activity_calories": 0,
            "calories_bmr": 1793,
            "elevation": 0,
            "marginal_calories": 0,
            "resting_heart_rate": null,
            "sedentary_minutes": 1440,
            "heart_rate_zones": [
                {
                    "max": 97,
                    "min": 30,
                    "name": "Out of Range",
                    "minutes": 60,
                    "caloriesOut": 66
                },
                {
                    "max": 136,
                    "min": 97,
                    "name": "Fat Burn",
                    "minutes": 19,
                    "caloriesOut": 28
                },
                {
                    "max": 165,
                    "min": 136,
                    "name": "Cardio",
                    "minutes": 17,
                    "caloriesOut": 13
                },
                {
                    "max": 220,
                    "min": 165,
                    "name": "Peak",
                    "minutes": 6,
                    "caloriesOut": 19
                }
            ]
        },
        {
            "id": 24,
            "encoded_id": "B4HNZS",
            "active_minutes": 247,
            "calories_out": 1935,
            "distance": 7.51,
            "floors": 8,
            "steps": 8454,
            "created_at": "2023-06-01T17:16:32.000000Z",
            "updated_at": "2023-06-08T08:05:17.000000Z",
            "date": "2023-05-21",
            "active_score": -1,
            "activity_calories": 0,
            "calories_bmr": 1793,
            "elevation": 0,
            "marginal_calories": 0,
            "resting_heart_rate": null,
            "sedentary_minutes": 1440,
            "heart_rate_zones": [
                {
                    "max": 97,
                    "min": 30,
                    "name": "Out of Range",
                    "minutes": 72,
                    "caloriesOut": 95
                },
                {
                    "max": 136,
                    "min": 97,
                    "name": "Fat Burn",
                    "minutes": 6,
                    "caloriesOut": 13
                },
                {
                    "max": 165,
                    "min": 136,
                    "name": "Cardio",
                    "minutes": 9,
                    "caloriesOut": 28
                },
                {
                    "max": 220,
                    "min": 165,
                    "name": "Peak",
                    "minutes": 23,
                    "caloriesOut": 10
                }
            ]
        },
        {
            "id": 25,
            "encoded_id": "B4HNZS",
            "active_minutes": 271,
            "calories_out": 1167,
            "distance": 2.34,
            "floors": 0,
            "steps": 3223,
            "created_at": "2023-06-01T17:16:32.000000Z",
            "updated_at": "2023-06-08T08:05:17.000000Z",
            "date": "2023-05-22",
            "active_score": -1,
            "activity_calories": 0,
            "calories_bmr": 1793,
            "elevation": 0,
            "marginal_calories": 0,
            "resting_heart_rate": null,
            "sedentary_minutes": 1440,
            "heart_rate_zones": [
                {
                    "max": 97,
                    "min": 30,
                    "name": "Out of Range",
                    "minutes": 56,
                    "caloriesOut": 52
                },
                {
                    "max": 136,
                    "min": 97,
                    "name": "Fat Burn",
                    "minutes": 8,
                    "caloriesOut": 17
                },
                {
                    "max": 165,
                    "min": 136,
                    "name": "Cardio",
                    "minutes": 29,
                    "caloriesOut": 25
                },
                {
                    "max": 220,
                    "min": 165,
                    "name": "Peak",
                    "minutes": 0,
                    "caloriesOut": 24
                }
            ]
        },
        {
            "id": 26,
            "encoded_id": "B4HNZS",
            "active_minutes": 185,
            "calories_out": 2662,
            "distance": 5.79,
            "floors": 2,
            "steps": 4243,
            "created_at": "2023-06-01T17:16:32.000000Z",
            "updated_at": "2023-06-08T08:05:17.000000Z",
            "date": "2023-05-23",
            "active_score": -1,
            "activity_calories": 0,
            "calories_bmr": 1793,
            "elevation": 0,
            "marginal_calories": 0,
            "resting_heart_rate": null,
            "sedentary_minutes": 1440,
            "heart_rate_zones": [
                {
                    "max": 97,
                    "min": 30,
                    "name": "Out of Range",
                    "minutes": 40,
                    "caloriesOut": 177
                },
                {
                    "max": 136,
                    "min": 97,
                    "name": "Fat Burn",
                    "minutes": 29,
                    "caloriesOut": 17
                },
                {
                    "max": 165,
                    "min": 136,
                    "name": "Cardio",
                    "minutes": 24,
                    "caloriesOut": 10
                },
                {
                    "max": 220,
                    "min": 165,
                    "name": "Peak",
                    "minutes": 21,
                    "caloriesOut": 18
                }
            ]
        },
        {
            "id": 27,
            "encoded_id": "B4HNZS",
            "active_minutes": 17,
            "calories_out": 2956,
            "distance": 7.52,
            "floors": 8,
            "steps": 7621,
            "created_at": "2023-06-01T17:16:33.000000Z",
            "updated_at": "2023-06-08T08:05:17.000000Z",
            "date": "2023-05-24",
            "active_score": -1,
            "activity_calories": 0,
            "calories_bmr": 1793,
            "elevation": 0,
            "marginal_calories": 0,
            "resting_heart_rate": null,
            "sedentary_minutes": 1440,
            "heart_rate_zones": [
                {
                    "max": 97,
                    "min": 30,
                    "name": "Out of Range",
                    "minutes": 37,
                    "caloriesOut": 156
                },
                {
                    "max": 136,
                    "min": 97,
                    "name": "Fat Burn",
                    "minutes": 10,
                    "caloriesOut": 23
                },
                {
                    "max": 165,
                    "min": 136,
                    "name": "Cardio",
                    "minutes": 10,
                    "caloriesOut": 23
                },
                {
                    "max": 220,
                    "min": 165,
                    "name": "Peak",
                    "minutes": 12,
                    "caloriesOut": 10
                }
            ]
        },
        {
            "id": 28,
            "encoded_id": "B4HNZS",
            "active_minutes": 244,
            "calories_out": 77,
            "distance": 6.86,
            "floors": 3,
            "steps": 6999,
            "created_at": "2023-06-01T17:16:33.000000Z",
            "updated_at": "2023-06-08T08:05:17.000000Z",
            "date": "2023-05-25",
            "active_score": -1,
            "activity_calories": 0,
            "calories_bmr": 1793,
            "elevation": 0,
            "marginal_calories": 0,
            "resting_heart_rate": null,
            "sedentary_minutes": 1440,
            "heart_rate_zones": [
                {
                    "max": 97,
                    "min": 30,
                    "name": "Out of Range",
                    "minutes": 42,
                    "caloriesOut": 69
                },
                {
                    "max": 136,
                    "min": 97,
                    "name": "Fat Burn",
                    "minutes": 9,
                    "caloriesOut": 12
                },
                {
                    "max": 165,
                    "min": 136,
                    "name": "Cardio",
                    "minutes": 23,
                    "caloriesOut": 18
                },
                {
                    "max": 220,
                    "min": 165,
                    "name": "Peak",
                    "minutes": 25,
                    "caloriesOut": 29
                }
            ]
        },
        {
            "id": 29,
            "encoded_id": "B4HNZS",
            "active_minutes": 92,
            "calories_out": 1867,
            "distance": 1.85,
            "floors": 0,
            "steps": 7391,
            "created_at": "2023-06-01T17:16:33.000000Z",
            "updated_at": "2023-06-08T08:05:17.000000Z",
            "date": "2023-05-26",
            "active_score": -1,
            "activity_calories": 0,
            "calories_bmr": 1793,
            "elevation": 0,
            "marginal_calories": 0,
            "resting_heart_rate": null,
            "sedentary_minutes": 1440,
            "heart_rate_zones": [
                {
                    "max": 97,
                    "min": 30,
                    "name": "Out of Range",
                    "minutes": 49,
                    "caloriesOut": 106
                },
                {
                    "max": 136,
                    "min": 97,
                    "name": "Fat Burn",
                    "minutes": 9,
                    "caloriesOut": 19
                },
                {
                    "max": 165,
                    "min": 136,
                    "name": "Cardio",
                    "minutes": 15,
                    "caloriesOut": 10
                },
                {
                    "max": 220,
                    "min": 165,
                    "name": "Peak",
                    "minutes": 20,
                    "caloriesOut": 14
                }
            ]
        },
        {
            "id": 30,
            "encoded_id": "B4HNZS",
            "active_minutes": 62,
            "calories_out": 944,
            "distance": 9.44,
            "floors": 7,
            "steps": 498,
            "created_at": "2023-06-01T17:16:34.000000Z",
            "updated_at": "2023-06-08T08:05:17.000000Z",
            "date": "2023-05-27",
            "active_score": -1,
            "activity_calories": 0,
            "calories_bmr": 1793,
            "elevation": 0,
            "marginal_calories": 0,
            "resting_heart_rate": null,
            "sedentary_minutes": 1440,
            "heart_rate_zones": [
                {
                    "max": 97,
                    "min": 30,
                    "name": "Out of Range",
                    "minutes": 87,
                    "caloriesOut": 117
                },
                {
                    "max": 136,
                    "min": 97,
                    "name": "Fat Burn",
                    "minutes": 14,
                    "caloriesOut": 12
                },
                {
                    "max": 165,
                    "min": 136,
                    "name": "Cardio",
                    "minutes": 3,
                    "caloriesOut": 14
                },
                {
                    "max": 220,
                    "min": 165,
                    "name": "Peak",
                    "minutes": 25,
                    "caloriesOut": 19
                }
            ]
        },
        {
            "id": 31,
            "encoded_id": "B4HNZS",
            "active_minutes": 271,
            "calories_out": 214,
            "distance": 6.39,
            "floors": 9,
            "steps": 9945,
            "created_at": "2023-06-01T17:16:34.000000Z",
            "updated_at": "2023-06-08T08:05:17.000000Z",
            "date": "2023-05-28",
            "active_score": -1,
            "activity_calories": 0,
            "calories_bmr": 1793,
            "elevation": 0,
            "marginal_calories": 0,
            "resting_heart_rate": null,
            "sedentary_minutes": 1440,
            "heart_rate_zones": [
                {
                    "max": 97,
                    "min": 30,
                    "name": "Out of Range",
                    "minutes": 2,
                    "caloriesOut": 71
                },
                {
                    "max": 136,
                    "min": 97,
                    "name": "Fat Burn",
                    "minutes": 18,
                    "caloriesOut": 24
                },
                {
                    "max": 165,
                    "min": 136,
                    "name": "Cardio",
                    "minutes": 23,
                    "caloriesOut": 23
                },
                {
                    "max": 220,
                    "min": 165,
                    "name": "Peak",
                    "minutes": 0,
                    "caloriesOut": 12
                }
            ]
        },
        {
            "id": 32,
            "encoded_id": "B4HNZS",
            "active_minutes": 184,
            "calories_out": 1941,
            "distance": 3.93,
            "floors": 0,
            "steps": 9360,
            "created_at": "2023-06-01T17:16:34.000000Z",
            "updated_at": "2023-06-08T08:05:17.000000Z",
            "date": "2023-05-29",
            "active_score": -1,
            "activity_calories": 0,
            "calories_bmr": 1793,
            "elevation": 0,
            "marginal_calories": 0,
            "resting_heart_rate": null,
            "sedentary_minutes": 1440,
            "heart_rate_zones": [
                {
                    "max": 97,
                    "min": 30,
                    "name": "Out of Range",
                    "minutes": 58,
                    "caloriesOut": 87
                },
                {
                    "max": 136,
                    "min": 97,
                    "name": "Fat Burn",
                    "minutes": 12,
                    "caloriesOut": 16
                },
                {
                    "max": 165,
                    "min": 136,
                    "name": "Cardio",
                    "minutes": 9,
                    "caloriesOut": 22
                },
                {
                    "max": 220,
                    "min": 165,
                    "name": "Peak",
                    "minutes": 5,
                    "caloriesOut": 11
                }
            ]
        },
        {
            "id": 33,
            "encoded_id": "B4HNZS",
            "active_minutes": 266,
            "calories_out": 487,
            "distance": 1.45,
            "floors": 2,
            "steps": 7614,
            "created_at": "2023-06-01T17:16:35.000000Z",
            "updated_at": "2023-06-08T08:05:17.000000Z",
            "date": "2023-05-30",
            "active_score": -1,
            "activity_calories": 0,
            "calories_bmr": 1793,
            "elevation": 0,
            "marginal_calories": 0,
            "resting_heart_rate": null,
            "sedentary_minutes": 1440,
            "heart_rate_zones": [
                {
                    "max": 97,
                    "min": 30,
                    "name": "Out of Range",
                    "minutes": 8,
                    "caloriesOut": 73
                },
                {
                    "max": 136,
                    "min": 97,
                    "name": "Fat Burn",
                    "minutes": 15,
                    "caloriesOut": 13
                },
                {
                    "max": 165,
                    "min": 136,
                    "name": "Cardio",
                    "minutes": 9,
                    "caloriesOut": 11
                },
                {
                    "max": 220,
                    "min": 165,
                    "name": "Peak",
                    "minutes": 14,
                    "caloriesOut": 11
                }
            ]
        },
        {
            "id": 34,
            "encoded_id": "B4HNZS",
            "active_minutes": 11,
            "calories_out": 2742,
            "distance": 4.5600000000000005,
            "floors": 5,
            "steps": 3259,
            "created_at": "2023-06-01T17:16:35.000000Z",
            "updated_at": "2023-06-08T08:05:17.000000Z",
            "date": "2023-05-31",
            "active_score": -1,
            "activity_calories": 18,
            "calories_bmr": 1793,
            "elevation": 0,
            "marginal_calories": 10,
            "resting_heart_rate": null,
            "sedentary_minutes": 1436,
            "heart_rate_zones": [
                {
                    "max": 97,
                    "min": 30,
                    "name": "Out of Range",
                    "minutes": 1,
                    "caloriesOut": 63
                },
                {
                    "max": 136,
                    "min": 97,
                    "name": "Fat Burn",
                    "minutes": 11,
                    "caloriesOut": 24
                },
                {
                    "max": 165,
                    "min": 136,
                    "name": "Cardio",
                    "minutes": 12,
                    "caloriesOut": 27
                },
                {
                    "max": 220,
                    "min": 165,
                    "name": "Peak",
                    "minutes": 7,
                    "caloriesOut": 20
                }
            ]
        },
        {
            "id": 42,
            "encoded_id": "BGSXVP",
            "active_minutes": 191,
            "calories_out": 2591,
            "distance": 4.01,
            "floors": 4,
            "steps": 8687,
            "created_at": "2023-06-01T17:16:38.000000Z",
            "updated_at": "2023-06-08T08:05:17.000000Z",
            "date": "2023-05-08",
            "active_score": -1,
            "activity_calories": 78,
            "calories_bmr": 1801,
            "elevation": 0,
            "marginal_calories": 46,
            "resting_heart_rate": 60,
            "sedentary_minutes": 1424,
            "heart_rate_zones": [
                {
                    "max": 97,
                    "min": 30,
                    "name": "Out of Range",
                    "minutes": 9,
                    "caloriesOut": 184
                },
                {
                    "max": 136,
                    "min": 97,
                    "name": "Fat Burn",
                    "minutes": 5,
                    "caloriesOut": 14
                },
                {
                    "max": 165,
                    "min": 136,
                    "name": "Cardio",
                    "minutes": 15,
                    "caloriesOut": 29
                },
                {
                    "max": 220,
                    "min": 165,
                    "name": "Peak",
                    "minutes": 11,
                    "caloriesOut": 29
                }
            ]
        },
        {
            "id": 43,
            "encoded_id": "BGSXVP",
            "active_minutes": 225,
            "calories_out": 2391,
            "distance": 7.31,
            "floors": 2,
            "steps": 1223,
            "created_at": "2023-06-01T17:16:39.000000Z",
            "updated_at": "2023-06-08T08:05:17.000000Z",
            "date": "2023-05-09",
            "active_score": -1,
            "activity_calories": 0,
            "calories_bmr": 1801,
            "elevation": 0,
            "marginal_calories": 0,
            "resting_heart_rate": null,
            "sedentary_minutes": 1440,
            "heart_rate_zones": [
                {
                    "max": 97,
                    "min": 30,
                    "name": "Out of Range",
                    "minutes": 78,
                    "caloriesOut": 161
                },
                {
                    "max": 136,
                    "min": 97,
                    "name": "Fat Burn",
                    "minutes": 7,
                    "caloriesOut": 11
                },
                {
                    "max": 165,
                    "min": 136,
                    "name": "Cardio",
                    "minutes": 16,
                    "caloriesOut": 21
                },
                {
                    "max": 220,
                    "min": 165,
                    "name": "Peak",
                    "minutes": 3,
                    "caloriesOut": 27
                }
            ]
        },
        {
            "id": 44,
            "encoded_id": "BGSXVP",
            "active_minutes": 34,
            "calories_out": 2746,
            "distance": 2.29,
            "floors": 3,
            "steps": 3106,
            "created_at": "2023-06-01T17:16:39.000000Z",
            "updated_at": "2023-06-08T08:05:17.000000Z",
            "date": "2023-05-10",
            "active_score": -1,
            "activity_calories": 0,
            "calories_bmr": 1801,
            "elevation": 0,
            "marginal_calories": 0,
            "resting_heart_rate": null,
            "sedentary_minutes": 1440,
            "heart_rate_zones": [
                {
                    "max": 97,
                    "min": 30,
                    "name": "Out of Range",
                    "minutes": 33,
                    "caloriesOut": 175
                },
                {
                    "max": 136,
                    "min": 97,
                    "name": "Fat Burn",
                    "minutes": 3,
                    "caloriesOut": 12
                },
                {
                    "max": 165,
                    "min": 136,
                    "name": "Cardio",
                    "minutes": 10,
                    "caloriesOut": 14
                },
                {
                    "max": 220,
                    "min": 165,
                    "name": "Peak",
                    "minutes": 6,
                    "caloriesOut": 16
                }
            ]
        },
        {
            "id": 45,
            "encoded_id": "BGSXVP",
            "active_minutes": 4,
            "calories_out": 236,
            "distance": 3.52,
            "floors": 5,
            "steps": 5554,
            "created_at": "2023-06-01T17:16:39.000000Z",
            "updated_at": "2023-06-08T08:05:17.000000Z",
            "date": "2023-05-11",
            "active_score": -1,
            "activity_calories": 0,
            "calories_bmr": 1801,
            "elevation": 0,
            "marginal_calories": 0,
            "resting_heart_rate": null,
            "sedentary_minutes": 1440,
            "heart_rate_zones": [
                {
                    "max": 97,
                    "min": 30,
                    "name": "Out of Range",
                    "minutes": 20,
                    "caloriesOut": 108
                },
                {
                    "max": 136,
                    "min": 97,
                    "name": "Fat Burn",
                    "minutes": 9,
                    "caloriesOut": 17
                },
                {
                    "max": 165,
                    "min": 136,
                    "name": "Cardio",
                    "minutes": 27,
                    "caloriesOut": 19
                },
                {
                    "max": 220,
                    "min": 165,
                    "name": "Peak",
                    "minutes": 15,
                    "caloriesOut": 15
                }
            ]
        },
        {
            "id": 46,
            "encoded_id": "BGSXVP",
            "active_minutes": 241,
            "calories_out": 608,
            "distance": 5.9399999999999995,
            "floors": 3,
            "steps": 350,
            "created_at": "2023-06-01T17:16:40.000000Z",
            "updated_at": "2023-06-08T08:05:17.000000Z",
            "date": "2023-05-12",
            "active_score": -1,
            "activity_calories": 0,
            "calories_bmr": 1801,
            "elevation": 0,
            "marginal_calories": 0,
            "resting_heart_rate": null,
            "sedentary_minutes": 1440,
            "heart_rate_zones": [
                {
                    "max": 97,
                    "min": 30,
                    "name": "Out of Range",
                    "minutes": 8,
                    "caloriesOut": 97
                },
                {
                    "max": 136,
                    "min": 97,
                    "name": "Fat Burn",
                    "minutes": 9,
                    "caloriesOut": 23
                },
                {
                    "max": 165,
                    "min": 136,
                    "name": "Cardio",
                    "minutes": 14,
                    "caloriesOut": 16
                },
                {
                    "max": 220,
                    "min": 165,
                    "name": "Peak",
                    "minutes": 3,
                    "caloriesOut": 22
                }
            ]
        },
        {
            "id": 47,
            "encoded_id": "BGSXVP",
            "active_minutes": 229,
            "calories_out": 2905,
            "distance": 5.49,
            "floors": 8,
            "steps": 5493,
            "created_at": "2023-06-01T17:16:40.000000Z",
            "updated_at": "2023-06-08T08:05:17.000000Z",
            "date": "2023-05-13",
            "active_score": -1,
            "activity_calories": 0,
            "calories_bmr": 1801,
            "elevation": 0,
            "marginal_calories": 0,
            "resting_heart_rate": null,
            "sedentary_minutes": 1440,
            "heart_rate_zones": [
                {
                    "max": 97,
                    "min": 30,
                    "name": "Out of Range",
                    "minutes": 21,
                    "caloriesOut": 124
                },
                {
                    "max": 136,
                    "min": 97,
                    "name": "Fat Burn",
                    "minutes": 23,
                    "caloriesOut": 20
                },
                {
                    "max": 165,
                    "min": 136,
                    "name": "Cardio",
                    "minutes": 3,
                    "caloriesOut": 10
                },
                {
                    "max": 220,
                    "min": 165,
                    "name": "Peak",
                    "minutes": 25,
                    "caloriesOut": 13
                }
            ]
        },
        {
            "id": 48,
            "encoded_id": "BGSXVP",
            "active_minutes": 73,
            "calories_out": 2232,
            "distance": 9.84,
            "floors": 6,
            "steps": 4893,
            "created_at": "2023-06-01T17:16:40.000000Z",
            "updated_at": "2023-06-08T08:05:17.000000Z",
            "date": "2023-05-14",
            "active_score": -1,
            "activity_calories": 0,
            "calories_bmr": 1801,
            "elevation": 0,
            "marginal_calories": 0,
            "resting_heart_rate": null,
            "sedentary_minutes": 1440,
            "heart_rate_zones": [
                {
                    "max": 97,
                    "min": 30,
                    "name": "Out of Range",
                    "minutes": 36,
                    "caloriesOut": 116
                },
                {
                    "max": 136,
                    "min": 97,
                    "name": "Fat Burn",
                    "minutes": 1,
                    "caloriesOut": 29
                },
                {
                    "max": 165,
                    "min": 136,
                    "name": "Cardio",
                    "minutes": 20,
                    "caloriesOut": 21
                },
                {
                    "max": 220,
                    "min": 165,
                    "name": "Peak",
                    "minutes": 22,
                    "caloriesOut": 10
                }
            ]
        },
        {
            "id": 49,
            "encoded_id": "BGSXVP",
            "active_minutes": 287,
            "calories_out": 1980,
            "distance": 4.3,
            "floors": 1,
            "steps": 5535,
            "created_at": "2023-06-01T17:16:41.000000Z",
            "updated_at": "2023-06-08T08:05:17.000000Z",
            "date": "2023-05-15",
            "active_score": -1,
            "activity_calories": 0,
            "calories_bmr": 1801,
            "elevation": 0,
            "marginal_calories": 0,
            "resting_heart_rate": null,
            "sedentary_minutes": 1440,
            "heart_rate_zones": [
                {
                    "max": 97,
                    "min": 30,
                    "name": "Out of Range",
                    "minutes": 24,
                    "caloriesOut": 147
                },
                {
                    "max": 136,
                    "min": 97,
                    "name": "Fat Burn",
                    "minutes": 13,
                    "caloriesOut": 17
                },
                {
                    "max": 165,
                    "min": 136,
                    "name": "Cardio",
                    "minutes": 12,
                    "caloriesOut": 29
                },
                {
                    "max": 220,
                    "min": 165,
                    "name": "Peak",
                    "minutes": 20,
                    "caloriesOut": 20
                }
            ]
        },
        {
            "id": 50,
            "encoded_id": "BGSXVP",
            "active_minutes": 152,
            "calories_out": 2948,
            "distance": 3.89,
            "floors": 9,
            "steps": 8252,
            "created_at": "2023-06-01T17:16:41.000000Z",
            "updated_at": "2023-06-08T08:05:17.000000Z",
            "date": "2023-05-16",
            "active_score": -1,
            "activity_calories": 0,
            "calories_bmr": 1801,
            "elevation": 0,
            "marginal_calories": 0,
            "resting_heart_rate": null,
            "sedentary_minutes": 1440,
            "heart_rate_zones": [
                {
                    "max": 97,
                    "min": 30,
                    "name": "Out of Range",
                    "minutes": 12,
                    "caloriesOut": 76
                },
                {
                    "max": 136,
                    "min": 97,
                    "name": "Fat Burn",
                    "minutes": 14,
                    "caloriesOut": 27
                },
                {
                    "max": 165,
                    "min": 136,
                    "name": "Cardio",
                    "minutes": 29,
                    "caloriesOut": 15
                },
                {
                    "max": 220,
                    "min": 165,
                    "name": "Peak",
                    "minutes": 11,
                    "caloriesOut": 11
                }
            ]
        },
        {
            "id": 51,
            "encoded_id": "BGSXVP",
            "active_minutes": 46,
            "calories_out": 1841,
            "distance": 6.06,
            "floors": 1,
            "steps": 1277,
            "created_at": "2023-06-01T17:16:41.000000Z",
            "updated_at": "2023-06-08T08:05:17.000000Z",
            "date": "2023-05-17",
            "active_score": -1,
            "activity_calories": 0,
            "calories_bmr": 1801,
            "elevation": 0,
            "marginal_calories": 0,
            "resting_heart_rate": null,
            "sedentary_minutes": 1440,
            "heart_rate_zones": [
                {
                    "max": 97,
                    "min": 30,
                    "name": "Out of Range",
                    "minutes": 6,
                    "caloriesOut": 195
                },
                {
                    "max": 136,
                    "min": 97,
                    "name": "Fat Burn",
                    "minutes": 19,
                    "caloriesOut": 16
                },
                {
                    "max": 165,
                    "min": 136,
                    "name": "Cardio",
                    "minutes": 22,
                    "caloriesOut": 23
                },
                {
                    "max": 220,
                    "min": 165,
                    "name": "Peak",
                    "minutes": 7,
                    "caloriesOut": 13
                }
            ]
        },
        {
            "id": 52,
            "encoded_id": "BGSXVP",
            "active_minutes": 36,
            "calories_out": 255,
            "distance": 0.57,
            "floors": 0,
            "steps": 9723,
            "created_at": "2023-06-01T17:16:42.000000Z",
            "updated_at": "2023-06-08T08:05:17.000000Z",
            "date": "2023-05-18",
            "active_score": -1,
            "activity_calories": 0,
            "calories_bmr": 1801,
            "elevation": 0,
            "marginal_calories": 0,
            "resting_heart_rate": null,
            "sedentary_minutes": 1440,
            "heart_rate_zones": [
                {
                    "max": 97,
                    "min": 30,
                    "name": "Out of Range",
                    "minutes": 73,
                    "caloriesOut": 194
                },
                {
                    "max": 136,
                    "min": 97,
                    "name": "Fat Burn",
                    "minutes": 14,
                    "caloriesOut": 21
                },
                {
                    "max": 165,
                    "min": 136,
                    "name": "Cardio",
                    "minutes": 10,
                    "caloriesOut": 12
                },
                {
                    "max": 220,
                    "min": 165,
                    "name": "Peak",
                    "minutes": 14,
                    "caloriesOut": 10
                }
            ]
        },
        {
            "id": 53,
            "encoded_id": "BGSXVP",
            "active_minutes": 230,
            "calories_out": 2178,
            "distance": 3.24,
            "floors": 4,
            "steps": 2347,
            "created_at": "2023-06-01T17:16:42.000000Z",
            "updated_at": "2023-06-08T08:05:17.000000Z",
            "date": "2023-05-19",
            "active_score": -1,
            "activity_calories": 0,
            "calories_bmr": 1801,
            "elevation": 0,
            "marginal_calories": 0,
            "resting_heart_rate": null,
            "sedentary_minutes": 1440,
            "heart_rate_zones": [
                {
                    "max": 97,
                    "min": 30,
                    "name": "Out of Range",
                    "minutes": 80,
                    "caloriesOut": 131
                },
                {
                    "max": 136,
                    "min": 97,
                    "name": "Fat Burn",
                    "minutes": 5,
                    "caloriesOut": 15
                },
                {
                    "max": 165,
                    "min": 136,
                    "name": "Cardio",
                    "minutes": 21,
                    "caloriesOut": 27
                },
                {
                    "max": 220,
                    "min": 165,
                    "name": "Peak",
                    "minutes": 7,
                    "caloriesOut": 22
                }
            ]
        },
        {
            "id": 54,
            "encoded_id": "BGSXVP",
            "active_minutes": 133,
            "calories_out": 845,
            "distance": 0.75,
            "floors": 5,
            "steps": 4316,
            "created_at": "2023-06-01T17:16:42.000000Z",
            "updated_at": "2023-06-08T08:05:17.000000Z",
            "date": "2023-05-20",
            "active_score": -1,
            "activity_calories": 0,
            "calories_bmr": 1801,
            "elevation": 0,
            "marginal_calories": 0,
            "resting_heart_rate": null,
            "sedentary_minutes": 1440,
            "heart_rate_zones": [
                {
                    "max": 97,
                    "min": 30,
                    "name": "Out of Range",
                    "minutes": 53,
                    "caloriesOut": 128
                },
                {
                    "max": 136,
                    "min": 97,
                    "name": "Fat Burn",
                    "minutes": 27,
                    "caloriesOut": 10
                },
                {
                    "max": 165,
                    "min": 136,
                    "name": "Cardio",
                    "minutes": 12,
                    "caloriesOut": 28
                },
                {
                    "max": 220,
                    "min": 165,
                    "name": "Peak",
                    "minutes": 15,
                    "caloriesOut": 24
                }
            ]
        },
        {
            "id": 55,
            "encoded_id": "BGSXVP",
            "active_minutes": 30,
            "calories_out": 974,
            "distance": 3.16,
            "floors": 6,
            "steps": 688,
            "created_at": "2023-06-01T17:16:43.000000Z",
            "updated_at": "2023-06-08T08:05:17.000000Z",
            "date": "2023-05-21",
            "active_score": -1,
            "activity_calories": 0,
            "calories_bmr": 1801,
            "elevation": 0,
            "marginal_calories": 0,
            "resting_heart_rate": null,
            "sedentary_minutes": 1440,
            "heart_rate_zones": [
                {
                    "max": 97,
                    "min": 30,
                    "name": "Out of Range",
                    "minutes": 50,
                    "caloriesOut": 120
                },
                {
                    "max": 136,
                    "min": 97,
                    "name": "Fat Burn",
                    "minutes": 22,
                    "caloriesOut": 15
                },
                {
                    "max": 165,
                    "min": 136,
                    "name": "Cardio",
                    "minutes": 5,
                    "caloriesOut": 10
                },
                {
                    "max": 220,
                    "min": 165,
                    "name": "Peak",
                    "minutes": 17,
                    "caloriesOut": 26
                }
            ]
        },
        {
            "id": 56,
            "encoded_id": "BGSXVP",
            "active_minutes": 110,
            "calories_out": 1177,
            "distance": 8.56,
            "floors": 1,
            "steps": 9351,
            "created_at": "2023-06-01T17:16:43.000000Z",
            "updated_at": "2023-06-08T08:05:17.000000Z",
            "date": "2023-05-22",
            "active_score": -1,
            "activity_calories": 0,
            "calories_bmr": 1801,
            "elevation": 0,
            "marginal_calories": 0,
            "resting_heart_rate": null,
            "sedentary_minutes": 1440,
            "heart_rate_zones": [
                {
                    "max": 97,
                    "min": 30,
                    "name": "Out of Range",
                    "minutes": 35,
                    "caloriesOut": 60
                },
                {
                    "max": 136,
                    "min": 97,
                    "name": "Fat Burn",
                    "minutes": 6,
                    "caloriesOut": 27
                },
                {
                    "max": 165,
                    "min": 136,
                    "name": "Cardio",
                    "minutes": 20,
                    "caloriesOut": 26
                },
                {
                    "max": 220,
                    "min": 165,
                    "name": "Peak",
                    "minutes": 5,
                    "caloriesOut": 16
                }
            ]
        },
        {
            "id": 57,
            "encoded_id": "BGSXVP",
            "active_minutes": 29,
            "calories_out": 1538,
            "distance": 2.74,
            "floors": 8,
            "steps": 3309,
            "created_at": "2023-06-01T17:16:43.000000Z",
            "updated_at": "2023-06-08T08:05:17.000000Z",
            "date": "2023-05-23",
            "active_score": -1,
            "activity_calories": 0,
            "calories_bmr": 1801,
            "elevation": 0,
            "marginal_calories": 0,
            "resting_heart_rate": null,
            "sedentary_minutes": 1440,
            "heart_rate_zones": [
                {
                    "max": 97,
                    "min": 30,
                    "name": "Out of Range",
                    "minutes": 15,
                    "caloriesOut": 173
                },
                {
                    "max": 136,
                    "min": 97,
                    "name": "Fat Burn",
                    "minutes": 18,
                    "caloriesOut": 23
                },
                {
                    "max": 165,
                    "min": 136,
                    "name": "Cardio",
                    "minutes": 16,
                    "caloriesOut": 23
                },
                {
                    "max": 220,
                    "min": 165,
                    "name": "Peak",
                    "minutes": 23,
                    "caloriesOut": 27
                }
            ]
        },
        {
            "id": 58,
            "encoded_id": "BGSXVP",
            "active_minutes": 3,
            "calories_out": 1318,
            "distance": 1.58,
            "floors": 4,
            "steps": 8743,
            "created_at": "2023-06-01T17:16:44.000000Z",
            "updated_at": "2023-06-08T08:05:17.000000Z",
            "date": "2023-05-24",
            "active_score": -1,
            "activity_calories": 192,
            "calories_bmr": 1801,
            "elevation": 3,
            "marginal_calories": 85,
            "resting_heart_rate": 60,
            "sedentary_minutes": 1390,
            "heart_rate_zones": [
                {
                    "max": 97,
                    "min": 30,
                    "name": "Out of Range",
                    "minutes": 91,
                    "caloriesOut": 79
                },
                {
                    "max": 136,
                    "min": 97,
                    "name": "Fat Burn",
                    "minutes": 2,
                    "caloriesOut": 26
                },
                {
                    "max": 165,
                    "min": 136,
                    "name": "Cardio",
                    "minutes": 24,
                    "caloriesOut": 23
                },
                {
                    "max": 220,
                    "min": 165,
                    "name": "Peak",
                    "minutes": 28,
                    "caloriesOut": 23
                }
            ]
        },
        {
            "id": 59,
            "encoded_id": "BGSXVP",
            "active_minutes": 161,
            "calories_out": 1994,
            "distance": 7.12,
            "floors": 5,
            "steps": 6829,
            "created_at": "2023-06-01T17:16:44.000000Z",
            "updated_at": "2023-06-08T08:05:17.000000Z",
            "date": "2023-05-25",
            "active_score": -1,
            "activity_calories": 865,
            "calories_bmr": 1801,
            "elevation": 12,
            "marginal_calories": 518,
            "resting_heart_rate": 56,
            "sedentary_minutes": 730,
            "heart_rate_zones": [
                {
                    "max": 97,
                    "min": 30,
                    "name": "Out of Range",
                    "minutes": 68,
                    "caloriesOut": 135
                },
                {
                    "max": 136,
                    "min": 97,
                    "name": "Fat Burn",
                    "minutes": 20,
                    "caloriesOut": 23
                },
                {
                    "max": 165,
                    "min": 136,
                    "name": "Cardio",
                    "minutes": 12,
                    "caloriesOut": 29
                },
                {
                    "max": 220,
                    "min": 165,
                    "name": "Peak",
                    "minutes": 20,
                    "caloriesOut": 19
                }
            ]
        },
        {
            "id": 60,
            "encoded_id": "BGSXVP",
            "active_minutes": 64,
            "calories_out": 2174,
            "distance": 9.77,
            "floors": 7,
            "steps": 6313,
            "created_at": "2023-06-01T17:16:45.000000Z",
            "updated_at": "2023-06-08T08:05:17.000000Z",
            "date": "2023-05-26",
            "active_score": -1,
            "activity_calories": 2684,
            "calories_bmr": 1801,
            "elevation": 34,
            "marginal_calories": 1853,
            "resting_heart_rate": 56,
            "sedentary_minutes": 649,
            "heart_rate_zones": [
                {
                    "max": 97,
                    "min": 30,
                    "name": "Out of Range",
                    "minutes": 1,
                    "caloriesOut": 79
                },
                {
                    "max": 136,
                    "min": 97,
                    "name": "Fat Burn",
                    "minutes": 28,
                    "caloriesOut": 11
                },
                {
                    "max": 165,
                    "min": 136,
                    "name": "Cardio",
                    "minutes": 20,
                    "caloriesOut": 11
                },
                {
                    "max": 220,
                    "min": 165,
                    "name": "Peak",
                    "minutes": 13,
                    "caloriesOut": 29
                }
            ]
        },
        {
            "id": 61,
            "encoded_id": "BGSXVP",
            "active_minutes": 175,
            "calories_out": 2831,
            "distance": 9.69,
            "floors": 0,
            "steps": 1527,
            "created_at": "2023-06-01T17:16:46.000000Z",
            "updated_at": "2023-06-08T08:05:17.000000Z",
            "date": "2023-05-27",
            "active_score": -1,
            "activity_calories": 3018,
            "calories_bmr": 1801,
            "elevation": 46,
            "marginal_calories": 1898,
            "resting_heart_rate": 57,
            "sedentary_minutes": 524,
            "heart_rate_zones": [
                {
                    "max": 97,
                    "min": 30,
                    "name": "Out of Range",
                    "minutes": 69,
                    "caloriesOut": 77
                },
                {
                    "max": 136,
                    "min": 97,
                    "name": "Fat Burn",
                    "minutes": 21,
                    "caloriesOut": 12
                },
                {
                    "max": 165,
                    "min": 136,
                    "name": "Cardio",
                    "minutes": 9,
                    "caloriesOut": 16
                },
                {
                    "max": 220,
                    "min": 165,
                    "name": "Peak",
                    "minutes": 17,
                    "caloriesOut": 29
                }
            ]
        },
        {
            "id": 62,
            "encoded_id": "BGSXVP",
            "active_minutes": 40,
            "calories_out": 2261,
            "distance": 3.59,
            "floors": 5,
            "steps": 5927,
            "created_at": "2023-06-01T17:16:46.000000Z",
            "updated_at": "2023-06-08T08:05:17.000000Z",
            "date": "2023-05-28",
            "active_score": -1,
            "activity_calories": 2959,
            "calories_bmr": 1801,
            "elevation": 0,
            "marginal_calories": 1919,
            "resting_heart_rate": 58,
            "sedentary_minutes": 508,
            "heart_rate_zones": [
                {
                    "max": 97,
                    "min": 30,
                    "name": "Out of Range",
                    "minutes": 34,
                    "caloriesOut": 54
                },
                {
                    "max": 136,
                    "min": 97,
                    "name": "Fat Burn",
                    "minutes": 2,
                    "caloriesOut": 15
                },
                {
                    "max": 165,
                    "min": 136,
                    "name": "Cardio",
                    "minutes": 3,
                    "caloriesOut": 25
                },
                {
                    "max": 220,
                    "min": 165,
                    "name": "Peak",
                    "minutes": 13,
                    "caloriesOut": 28
                }
            ]
        },
        {
            "id": 63,
            "encoded_id": "BGSXVP",
            "active_minutes": 77,
            "calories_out": 1666,
            "distance": 0.02,
            "floors": 3,
            "steps": 7152,
            "created_at": "2023-06-01T17:16:47.000000Z",
            "updated_at": "2023-06-08T08:05:17.000000Z",
            "date": "2023-05-29",
            "active_score": -1,
            "activity_calories": 145,
            "calories_bmr": 1801,
            "elevation": 0,
            "marginal_calories": 61,
            "resting_heart_rate": 58,
            "sedentary_minutes": 892,
            "heart_rate_zones": [
                {
                    "max": 97,
                    "min": 30,
                    "name": "Out of Range",
                    "minutes": 51,
                    "caloriesOut": 135
                },
                {
                    "max": 136,
                    "min": 97,
                    "name": "Fat Burn",
                    "minutes": 6,
                    "caloriesOut": 18
                },
                {
                    "max": 165,
                    "min": 136,
                    "name": "Cardio",
                    "minutes": 10,
                    "caloriesOut": 21
                },
                {
                    "max": 220,
                    "min": 165,
                    "name": "Peak",
                    "minutes": 25,
                    "caloriesOut": 19
                }
            ]
        },
        {
            "id": 64,
            "encoded_id": "BGSXVP",
            "active_minutes": 229,
            "calories_out": 1348,
            "distance": 9.52,
            "floors": 4,
            "steps": 1979,
            "created_at": "2023-06-01T17:16:47.000000Z",
            "updated_at": "2023-06-08T08:05:17.000000Z",
            "date": "2023-05-30",
            "active_score": -1,
            "activity_calories": 0,
            "calories_bmr": 1801,
            "elevation": 0,
            "marginal_calories": 0,
            "resting_heart_rate": null,
            "sedentary_minutes": 1440,
            "heart_rate_zones": [
                {
                    "max": 97,
                    "min": 30,
                    "name": "Out of Range",
                    "minutes": 72,
                    "caloriesOut": 79
                },
                {
                    "max": 136,
                    "min": 97,
                    "name": "Fat Burn",
                    "minutes": 21,
                    "caloriesOut": 28
                },
                {
                    "max": 165,
                    "min": 136,
                    "name": "Cardio",
                    "minutes": 16,
                    "caloriesOut": 29
                },
                {
                    "max": 220,
                    "min": 165,
                    "name": "Peak",
                    "minutes": 9,
                    "caloriesOut": 20
                }
            ]
        },
        {
            "id": 65,
            "encoded_id": "B4HNZS",
            "active_minutes": 273,
            "calories_out": 2922,
            "distance": 1.35,
            "floors": 7,
            "steps": 3698,
            "created_at": "2023-06-06T21:48:27.000000Z",
            "updated_at": "2023-06-08T08:05:17.000000Z",
            "date": "2023-06-02",
            "active_score": -1,
            "activity_calories": 776,
            "calories_bmr": 1793,
            "elevation": 9,
            "marginal_calories": 463,
            "resting_heart_rate": 74,
            "sedentary_minutes": 799,
            "heart_rate_zones": [
                {
                    "max": 97,
                    "min": 30,
                    "name": "Out of Range",
                    "minutes": 55,
                    "caloriesOut": 171
                },
                {
                    "max": 136,
                    "min": 97,
                    "name": "Fat Burn",
                    "minutes": 8,
                    "caloriesOut": 10
                },
                {
                    "max": 165,
                    "min": 136,
                    "name": "Cardio",
                    "minutes": 7,
                    "caloriesOut": 13
                },
                {
                    "max": 220,
                    "min": 165,
                    "name": "Peak",
                    "minutes": 3,
                    "caloriesOut": 10
                }
            ]
        },
        {
            "id": 66,
            "encoded_id": "B4HNZS",
            "active_minutes": 227,
            "calories_out": 2241,
            "distance": 4.62,
            "floors": 0,
            "steps": 9463,
            "created_at": "2023-06-06T21:48:27.000000Z",
            "updated_at": "2023-06-08T08:05:17.000000Z",
            "date": "2023-06-03",
            "active_score": -1,
            "activity_calories": 0,
            "calories_bmr": 1793,
            "elevation": 0,
            "marginal_calories": 0,
            "resting_heart_rate": null,
            "sedentary_minutes": 1440,
            "heart_rate_zones": [
                {
                    "max": 97,
                    "min": 30,
                    "name": "Out of Range",
                    "minutes": 50,
                    "caloriesOut": 174
                },
                {
                    "max": 136,
                    "min": 97,
                    "name": "Fat Burn",
                    "minutes": 16,
                    "caloriesOut": 13
                },
                {
                    "max": 165,
                    "min": 136,
                    "name": "Cardio",
                    "minutes": 11,
                    "caloriesOut": 15
                },
                {
                    "max": 220,
                    "min": 165,
                    "name": "Peak",
                    "minutes": 9,
                    "caloriesOut": 25
                }
            ]
        },
        {
            "id": 67,
            "encoded_id": "B4HNZS",
            "active_minutes": 242,
            "calories_out": 2298,
            "distance": 4.08,
            "floors": 7,
            "steps": 4868,
            "created_at": "2023-06-06T21:48:27.000000Z",
            "updated_at": "2023-06-08T08:05:17.000000Z",
            "date": "2023-06-04",
            "active_score": -1,
            "activity_calories": 8,
            "calories_bmr": 1793,
            "elevation": 0,
            "marginal_calories": 4,
            "resting_heart_rate": null,
            "sedentary_minutes": 1438,
            "heart_rate_zones": [
                {
                    "max": 97,
                    "min": 30,
                    "name": "Out of Range",
                    "minutes": 19,
                    "caloriesOut": 136
                },
                {
                    "max": 136,
                    "min": 97,
                    "name": "Fat Burn",
                    "minutes": 7,
                    "caloriesOut": 21
                },
                {
                    "max": 165,
                    "min": 136,
                    "name": "Cardio",
                    "minutes": 4,
                    "caloriesOut": 29
                },
                {
                    "max": 220,
                    "min": 165,
                    "name": "Peak",
                    "minutes": 14,
                    "caloriesOut": 20
                }
            ]
        },
        {
            "id": 68,
            "encoded_id": "B4HNZS",
            "active_minutes": 10,
            "calories_out": 1972,
            "distance": 1.87,
            "floors": 9,
            "steps": 2498,
            "created_at": "2023-06-06T21:48:28.000000Z",
            "updated_at": "2023-06-08T08:05:17.000000Z",
            "date": "2023-06-05",
            "active_score": -1,
            "activity_calories": 61,
            "calories_bmr": 1793,
            "elevation": 0,
            "marginal_calories": 26,
            "resting_heart_rate": 72,
            "sedentary_minutes": 1423,
            "heart_rate_zones": [
                {
                    "max": 97,
                    "min": 30,
                    "name": "Out of Range",
                    "minutes": 34,
                    "caloriesOut": 59
                },
                {
                    "max": 136,
                    "min": 97,
                    "name": "Fat Burn",
                    "minutes": 7,
                    "caloriesOut": 10
                },
                {
                    "max": 165,
                    "min": 136,
                    "name": "Cardio",
                    "minutes": 8,
                    "caloriesOut": 18
                },
                {
                    "max": 220,
                    "min": 165,
                    "name": "Peak",
                    "minutes": 8,
                    "caloriesOut": 11
                }
            ]
        },
        {
            "id": 69,
            "encoded_id": "BGSXVP",
            "active_minutes": 214,
            "calories_out": 2989,
            "distance": 8.4,
            "floors": 2,
            "steps": 5366,
            "created_at": "2023-06-06T21:48:38.000000Z",
            "updated_at": "2023-06-08T08:05:17.000000Z",
            "date": "2023-06-02",
            "active_score": -1,
            "activity_calories": 0,
            "calories_bmr": 1801,
            "elevation": 0,
            "marginal_calories": 0,
            "resting_heart_rate": null,
            "sedentary_minutes": 1440,
            "heart_rate_zones": [
                {
                    "max": 97,
                    "min": 30,
                    "name": "Out of Range",
                    "minutes": 4,
                    "caloriesOut": 145
                },
                {
                    "max": 136,
                    "min": 97,
                    "name": "Fat Burn",
                    "minutes": 0,
                    "caloriesOut": 14
                },
                {
                    "max": 165,
                    "min": 136,
                    "name": "Cardio",
                    "minutes": 3,
                    "caloriesOut": 26
                },
                {
                    "max": 220,
                    "min": 165,
                    "name": "Peak",
                    "minutes": 21,
                    "caloriesOut": 12
                }
            ]
        },
        {
            "id": 70,
            "encoded_id": "BGSXVP",
            "active_minutes": 141,
            "calories_out": 27,
            "distance": 6.28,
            "floors": 1,
            "steps": 6822,
            "created_at": "2023-06-06T21:48:38.000000Z",
            "updated_at": "2023-06-08T08:05:17.000000Z",
            "date": "2023-06-03",
            "active_score": -1,
            "activity_calories": 0,
            "calories_bmr": 1801,
            "elevation": 0,
            "marginal_calories": 0,
            "resting_heart_rate": null,
            "sedentary_minutes": 1440,
            "heart_rate_zones": [
                {
                    "max": 97,
                    "min": 30,
                    "name": "Out of Range",
                    "minutes": 6,
                    "caloriesOut": 96
                },
                {
                    "max": 136,
                    "min": 97,
                    "name": "Fat Burn",
                    "minutes": 9,
                    "caloriesOut": 24
                },
                {
                    "max": 165,
                    "min": 136,
                    "name": "Cardio",
                    "minutes": 20,
                    "caloriesOut": 14
                },
                {
                    "max": 220,
                    "min": 165,
                    "name": "Peak",
                    "minutes": 28,
                    "caloriesOut": 13
                }
            ]
        },
        {
            "id": 71,
            "encoded_id": "BGSXVP",
            "active_minutes": 15,
            "calories_out": 2131,
            "distance": 3.93,
            "floors": 8,
            "steps": 9874,
            "created_at": "2023-06-06T21:48:39.000000Z",
            "updated_at": "2023-06-08T08:05:17.000000Z",
            "date": "2023-06-04",
            "active_score": -1,
            "activity_calories": 0,
            "calories_bmr": 1801,
            "elevation": 0,
            "marginal_calories": 0,
            "resting_heart_rate": null,
            "sedentary_minutes": 1440,
            "heart_rate_zones": [
                {
                    "max": 97,
                    "min": 30,
                    "name": "Out of Range",
                    "minutes": 41,
                    "caloriesOut": 83
                },
                {
                    "max": 136,
                    "min": 97,
                    "name": "Fat Burn",
                    "minutes": 24,
                    "caloriesOut": 18
                },
                {
                    "max": 165,
                    "min": 136,
                    "name": "Cardio",
                    "minutes": 17,
                    "caloriesOut": 24
                },
                {
                    "max": 220,
                    "min": 165,
                    "name": "Peak",
                    "minutes": 25,
                    "caloriesOut": 10
                }
            ]
        },
        {
            "id": 72,
            "encoded_id": "BGSXVP",
            "active_minutes": 210,
            "calories_out": 1130,
            "distance": 7.75,
            "floors": 7,
            "steps": 4066,
            "created_at": "2023-06-06T21:48:39.000000Z",
            "updated_at": "2023-06-08T08:05:17.000000Z",
            "date": "2023-06-05",
            "active_score": -1,
            "activity_calories": 0,
            "calories_bmr": 1801,
            "elevation": 0,
            "marginal_calories": 0,
            "resting_heart_rate": null,
            "sedentary_minutes": 1440,
            "heart_rate_zones": [
                {
                    "max": 97,
                    "min": 30,
                    "name": "Out of Range",
                    "minutes": 75,
                    "caloriesOut": 161
                },
                {
                    "max": 136,
                    "min": 97,
                    "name": "Fat Burn",
                    "minutes": 10,
                    "caloriesOut": 20
                },
                {
                    "max": 165,
                    "min": 136,
                    "name": "Cardio",
                    "minutes": 16,
                    "caloriesOut": 14
                },
                {
                    "max": 220,
                    "min": 165,
                    "name": "Peak",
                    "minutes": 12,
                    "caloriesOut": 18
                }
            ]
        },
        {
            "id": 73,
            "encoded_id": "BGSXVP",
            "active_minutes": 248,
            "calories_out": 2690,
            "distance": 0.02,
            "floors": 3,
            "steps": 5949,
            "created_at": "2023-06-07T00:00:21.000000Z",
            "updated_at": "2023-06-08T08:05:17.000000Z",
            "date": "2023-06-06",
            "active_score": -1,
            "activity_calories": 0,
            "calories_bmr": 1801,
            "elevation": 0,
            "marginal_calories": 0,
            "resting_heart_rate": null,
            "sedentary_minutes": 1440,
            "heart_rate_zones": [
                {
                    "max": 97,
                    "min": 30,
                    "name": "Out of Range",
                    "minutes": 1,
                    "caloriesOut": 92
                },
                {
                    "max": 136,
                    "min": 97,
                    "name": "Fat Burn",
                    "minutes": 11,
                    "caloriesOut": 11
                },
                {
                    "max": 165,
                    "min": 136,
                    "name": "Cardio",
                    "minutes": 6,
                    "caloriesOut": 26
                },
                {
                    "max": 220,
                    "min": 165,
                    "name": "Peak",
                    "minutes": 17,
                    "caloriesOut": 17
                }
            ]
        },
        {
            "id": 74,
            "encoded_id": "B4HNZS",
            "active_minutes": 195,
            "calories_out": 2904,
            "distance": 8.89,
            "floors": 5,
            "steps": 397,
            "created_at": "2023-06-07T02:00:13.000000Z",
            "updated_at": "2023-06-08T08:05:17.000000Z",
            "date": "2023-06-06",
            "active_score": -1,
            "activity_calories": 92,
            "calories_bmr": 1793,
            "elevation": 0,
            "marginal_calories": 32,
            "resting_heart_rate": 69,
            "sedentary_minutes": 1411,
            "heart_rate_zones": [
                {
                    "max": 97,
                    "min": 30,
                    "name": "Out of Range",
                    "minutes": 54,
                    "caloriesOut": 162
                },
                {
                    "max": 136,
                    "min": 97,
                    "name": "Fat Burn",
                    "minutes": 1,
                    "caloriesOut": 28
                },
                {
                    "max": 165,
                    "min": 136,
                    "name": "Cardio",
                    "minutes": 15,
                    "caloriesOut": 25
                },
                {
                    "max": 220,
                    "min": 165,
                    "name": "Peak",
                    "minutes": 13,
                    "caloriesOut": 25
                }
            ]
        },
        {
            "id": 75,
            "encoded_id": "B4HNZS",
            "active_minutes": 190,
            "calories_out": 2437,
            "distance": 1.5699999999999998,
            "floors": 3,
            "steps": 2746,
            "created_at": "2023-06-08T00:00:14.000000Z",
            "updated_at": "2023-06-08T08:05:17.000000Z",
            "date": "2023-06-07",
            "active_score": -1,
            "activity_calories": 197,
            "calories_bmr": 1793,
            "elevation": 0,
            "marginal_calories": 75,
            "resting_heart_rate": 65,
            "sedentary_minutes": 888,
            "heart_rate_zones": [
                {
                    "max": 97,
                    "min": 30,
                    "name": "Out of Range",
                    "minutes": 30,
                    "caloriesOut": 170
                },
                {
                    "max": 136,
                    "min": 97,
                    "name": "Fat Burn",
                    "minutes": 0,
                    "caloriesOut": 25
                },
                {
                    "max": 165,
                    "min": 136,
                    "name": "Cardio",
                    "minutes": 20,
                    "caloriesOut": 12
                },
                {
                    "max": 220,
                    "min": 165,
                    "name": "Peak",
                    "minutes": 15,
                    "caloriesOut": 15
                }
            ]
        },
        {
            "id": 76,
            "encoded_id": "BGSXVP",
            "active_minutes": 68,
            "calories_out": 2862,
            "distance": 0.81,
            "floors": 5,
            "steps": 4730,
            "created_at": "2023-06-08T00:00:26.000000Z",
            "updated_at": "2023-06-08T08:05:17.000000Z",
            "date": "2023-06-07",
            "active_score": -1,
            "activity_calories": 0,
            "calories_bmr": 1801,
            "elevation": 0,
            "marginal_calories": 0,
            "resting_heart_rate": null,
            "sedentary_minutes": 1440,
            "heart_rate_zones": [
                {
                    "max": 97,
                    "min": 30,
                    "name": "Out of Range",
                    "minutes": 69,
                    "caloriesOut": 88
                },
                {
                    "max": 136,
                    "min": 97,
                    "name": "Fat Burn",
                    "minutes": 2,
                    "caloriesOut": 23
                },
                {
                    "max": 165,
                    "min": 136,
                    "name": "Cardio",
                    "minutes": 1,
                    "caloriesOut": 14
                },
                {
                    "max": 220,
                    "min": 165,
                    "name": "Peak",
                    "minutes": 29,
                    "caloriesOut": 15
                }
            ]
        }
    ],
    "userFitbitInfo": [
        {
            "encoded_id": "B4HNZS",
            "full_name": "Francisco Javier Puente Secades",
            "date_of_birth": "1998-05-07",
            "gender": "MALE",
            "height": 178,
            "weight": 80,
            "avatar": "https:\/\/asset-service.fitbit.com\/3e4c8800-fa3f-11ed-8260-51f27690b8d9_profile_640_square.png",
            "created_at": "2023-06-01T13:15:03.000000Z",
            "updated_at": "2023-06-08T10:00:06.000000Z"
        },
        {
            "encoded_id": "BGSXVP",
            "full_name": "Francisco Javier de la Puente Secades",
            "date_of_birth": "1998-05-07",
            "gender": "MALE",
            "height": 177.7,
            "weight": 81,
            "avatar": "https:\/\/static0.fitbit.com\/images\/profile\/defaultProfile_640.png",
            "created_at": "2023-05-31T19:09:02.000000Z",
            "updated_at": "2023-06-08T10:00:05.000000Z"
        }
    ]
}